Item_Store_ID,Item_Store_Returns
DRA59_BABATUNJI010,100
DRA59_BABATUNJI013,100
DRB01_BABATUNJI013,100
DRB13_BABATUNJI010,100
DRB13_BABATUNJI013,100
DRB25_BABATUNJI017,100
DRB25_BABATUNJI027,100
DRB25_BABATUNJI035,100
DRB48_BABATUNJI017,100
DRB48_BABATUNJI027,100
DRB48_BABATUNJI035,100
DRB48_BABATUNJI046,100
DRB48_BABATUNJI049,100
DRC01_BABATUNJI017,100
DRC01_BABATUNJI018,100
DRC01_BABATUNJI027,100
DRC01_BABATUNJI045,100
DRC01_BABATUNJI046,100
DRC13_BABATUNJI035,100
DRC13_BABATUNJI045,100
DRC25_BABATUNJI018,100
DRC25_BABATUNJI019,100
DRC25_BABATUNJI027,100
DRC25_BABATUNJI045,100
DRC25_BABATUNJI046,100
DRC27_BABATUNJI010,100
DRC27_BABATUNJI018,100
DRC27_BABATUNJI049,100
DRC36_BABATUNJI013,100
DRD01_BABATUNJI017,100
DRD01_BABATUNJI018,100
DRD01_BABATUNJI035,100
DRD01_BABATUNJI045,100
DRD01_BABATUNJI049,100
DRD12_BABATUNJI017,100
DRD12_BABATUNJI018,100
DRD12_BABATUNJI027,100
DRD12_BABATUNJI035,100
DRD12_BABATUNJI045,100
DRD12_BABATUNJI046,100
DRD13_BABATUNJI017,100
DRD13_BABATUNJI018,100
DRD13_BABATUNJI027,100
DRD13_BABATUNJI035,100
DRD13_BABATUNJI045,100
DRD13_BABATUNJI049,100
DRD15_BABATUNJI010,100
DRD15_BABATUNJI013,100
DRD15_BABATUNJI046,100
DRD15_BABATUNJI049,100
DRD24_BABATUNJI027,100
DRD25_BABATUNJI027,100
DRD25_BABATUNJI035,100
DRD25_BABATUNJI045,100
DRD27_BABATUNJI017,100
DRD27_BABATUNJI019,100
DRD27_BABATUNJI045,100
DRD37_BABATUNJI017,100
DRD37_BABATUNJI018,100
DRD37_BABATUNJI045,100
DRD37_BABATUNJI046,100
DRD37_BABATUNJI049,100
DRD49_BABATUNJI046,100
DRD60_BABATUNJI013,100
DRE01_BABATUNJI010,100
DRE01_BABATUNJI046,100
DRE03_BABATUNJI017,100
DRE03_BABATUNJI018,100
DRE03_BABATUNJI035,100
DRE03_BABATUNJI045,100
DRE03_BABATUNJI046,100
DRE03_BABATUNJI049,100
DRE12_BABATUNJI027,100
DRE12_BABATUNJI035,100
DRE12_BABATUNJI045,100
DRE13_BABATUNJI027,100
DRE13_BABATUNJI035,100
DRE13_BABATUNJI045,100
DRE13_BABATUNJI049,100
DRE15_BABATUNJI017,100
DRE15_BABATUNJI018,100
DRE15_BABATUNJI019,100
DRE15_BABATUNJI027,100
DRE15_BABATUNJI045,100
DRE15_BABATUNJI046,100
DRE25_BABATUNJI017,100
DRE25_BABATUNJI027,100
DRE25_BABATUNJI035,100
DRE27_BABATUNJI035,100
DRE27_BABATUNJI045,100
DRE48_BABATUNJI013,100
DRE48_BABATUNJI046,100
DRE60_BABATUNJI013,100
DRF03_BABATUNJI018,100
DRF03_BABATUNJI027,100
DRF03_BABATUNJI035,100
DRF03_BABATUNJI045,100
DRF03_BABATUNJI046,100
DRF03_BABATUNJI049,100
DRF25_BABATUNJI019,100
DRF25_BABATUNJI027,100
DRF25_BABATUNJI035,100
DRF25_BABATUNJI045,100
DRF25_BABATUNJI046,100
DRF25_BABATUNJI049,100
DRF36_BABATUNJI010,100
DRF37_BABATUNJI013,100
DRF37_BABATUNJI018,100
DRF37_BABATUNJI035,100
DRF37_BABATUNJI045,100
DRF49_BABATUNJI035,100
DRF49_BABATUNJI045,100
DRF51_BABATUNJI018,100
DRF51_BABATUNJI045,100
DRF51_BABATUNJI046,100
DRF60_BABATUNJI018,100
DRF60_BABATUNJI049,100
DRG01_BABATUNJI019,100
DRG01_BABATUNJI027,100
DRG01_BABATUNJI035,100
DRG01_BABATUNJI046,100
DRG11_BABATUNJI045,100
DRG15_BABATUNJI017,100
DRG15_BABATUNJI035,100
DRG15_BABATUNJI045,100
DRG15_BABATUNJI046,100
DRG15_BABATUNJI049,100
DRG25_BABATUNJI013,100
DRG27_BABATUNJI018,100
DRG27_BABATUNJI019,100
DRG27_BABATUNJI045,100
DRG27_BABATUNJI046,100
DRG27_BABATUNJI049,100
DRG36_BABATUNJI013,100
DRG39_BABATUNJI018,100
DRG39_BABATUNJI046,100
DRG39_BABATUNJI049,100
DRG49_BABATUNJI010,100
DRG49_BABATUNJI018,100
DRH03_BABATUNJI018,100
DRH03_BABATUNJI019,100
DRH03_BABATUNJI035,100
DRH11_BABATUNJI027,100
DRH11_BABATUNJI045,100
DRH11_BABATUNJI049,100
DRH13_BABATUNJI019,100
DRH13_BABATUNJI045,100
DRH15_BABATUNJI018,100
DRH15_BABATUNJI019,100
DRH15_BABATUNJI046,100
DRH23_BABATUNJI017,100
DRH23_BABATUNJI019,100
DRH23_BABATUNJI045,100
DRH23_BABATUNJI049,100
DRH25_BABATUNJI017,100
DRH25_BABATUNJI027,100
DRH25_BABATUNJI035,100
DRH25_BABATUNJI045,100
DRH36_BABATUNJI017,100
DRH36_BABATUNJI019,100
DRH36_BABATUNJI035,100
DRH36_BABATUNJI045,100
DRH36_BABATUNJI046,100
DRH39_BABATUNJI017,100
DRH39_BABATUNJI019,100
DRH39_BABATUNJI027,100
DRH39_BABATUNJI046,100
DRH39_BABATUNJI049,100
DRH49_BABATUNJI018,100
DRH49_BABATUNJI019,100
DRH49_BABATUNJI046,100
DRH51_BABATUNJI019,100
DRH51_BABATUNJI027,100
DRH51_BABATUNJI035,100
DRH51_BABATUNJI049,100
DRH59_BABATUNJI046,100
DRH59_BABATUNJI049,100
DRI01_BABATUNJI013,100
DRI03_BABATUNJI013,100
DRI11_BABATUNJI027,100
DRI11_BABATUNJI035,100
DRI11_BABATUNJI045,100
DRI13_BABATUNJI013,100
DRI13_BABATUNJI018,100
DRI13_BABATUNJI046,100
DRI25_BABATUNJI017,100
DRI25_BABATUNJI027,100
DRI25_BABATUNJI045,100
DRI25_BABATUNJI046,100
DRI25_BABATUNJI049,100
DRI37_BABATUNJI017,100
DRI37_BABATUNJI018,100
DRI37_BABATUNJI027,100
DRI37_BABATUNJI046,100
DRI37_BABATUNJI049,100
DRI39_BABATUNJI017,100
DRI39_BABATUNJI018,100
DRI39_BABATUNJI027,100
DRI39_BABATUNJI035,100
DRI49_BABATUNJI018,100
DRI49_BABATUNJI035,100
DRI49_BABATUNJI045,100
DRI49_BABATUNJI046,100
DRJ11_BABATUNJI010,100
DRJ11_BABATUNJI013,100
DRJ23_BABATUNJI010,100
DRJ23_BABATUNJI013,100
DRJ24_BABATUNJI010,100
DRJ24_BABATUNJI013,100
DRJ25_BABATUNJI017,100
DRJ25_BABATUNJI018,100
DRJ25_BABATUNJI045,100
DRJ25_BABATUNJI049,100
DRJ35_BABATUNJI017,100
DRJ35_BABATUNJI046,100
DRJ39_BABATUNJI013,100
DRJ39_BABATUNJI018,100
DRJ39_BABATUNJI046,100
DRJ47_BABATUNJI013,100
DRJ49_BABATUNJI045,100
DRJ51_BABATUNJI013,100
DRJ51_BABATUNJI049,100
DRJ59_BABATUNJI027,100
DRJ59_BABATUNJI045,100
DRJ59_BABATUNJI046,100
DRJ59_BABATUNJI049,100
DRK01_BABATUNJI017,100
DRK01_BABATUNJI018,100
DRK01_BABATUNJI035,100
DRK01_BABATUNJI045,100
DRK12_BABATUNJI017,100
DRK12_BABATUNJI018,100
DRK12_BABATUNJI027,100
DRK12_BABATUNJI035,100
DRK12_BABATUNJI045,100
DRK12_BABATUNJI049,100
DRK13_BABATUNJI013,100
DRK13_BABATUNJI046,100
DRK23_BABATUNJI013,100
DRK23_BABATUNJI018,100
DRK23_BABATUNJI049,100
DRK35_BABATUNJI017,100
DRK35_BABATUNJI019,100
DRK35_BABATUNJI027,100
DRK35_BABATUNJI035,100
DRK35_BABATUNJI045,100
DRK35_BABATUNJI046,100
DRK35_BABATUNJI049,100
DRK37_BABATUNJI010,100
DRK39_BABATUNJI017,100
DRK39_BABATUNJI027,100
DRK39_BABATUNJI046,100
DRK39_BABATUNJI049,100
DRK47_BABATUNJI013,100
DRK47_BABATUNJI018,100
DRK47_BABATUNJI046,100
DRK47_BABATUNJI049,100
DRK49_BABATUNJI017,100
DRK49_BABATUNJI019,100
DRK49_BABATUNJI027,100
DRK49_BABATUNJI035,100
DRK49_BABATUNJI046,100
DRK49_BABATUNJI049,100
DRK59_BABATUNJI010,100
DRK59_BABATUNJI018,100
DRL01_BABATUNJI010,100
DRL01_BABATUNJI013,100
DRL01_BABATUNJI049,100
DRL23_BABATUNJI035,100
DRL23_BABATUNJI045,100
DRL35_BABATUNJI017,100
DRL35_BABATUNJI027,100
DRL35_BABATUNJI035,100
DRL35_BABATUNJI045,100
DRL35_BABATUNJI049,100
DRL37_BABATUNJI017,100
DRL37_BABATUNJI018,100
DRL37_BABATUNJI027,100
DRL37_BABATUNJI035,100
DRL37_BABATUNJI045,100
DRL37_BABATUNJI049,100
DRL47_BABATUNJI027,100
DRL47_BABATUNJI045,100
DRL59_BABATUNJI019,100
DRL59_BABATUNJI035,100
DRM11_BABATUNJI013,100
DRM11_BABATUNJI018,100
DRM11_BABATUNJI046,100
DRM23_BABATUNJI013,100
DRM37_BABATUNJI010,100
DRM37_BABATUNJI013,100
DRM47_BABATUNJI010,100
DRM48_BABATUNJI027,100
DRM48_BABATUNJI045,100
DRM48_BABATUNJI046,100
DRM48_BABATUNJI049,100
DRM49_BABATUNJI017,100
DRM49_BABATUNJI035,100
DRM49_BABATUNJI045,100
DRM49_BABATUNJI049,100
DRN35_BABATUNJI018,100
DRN35_BABATUNJI035,100
DRN35_BABATUNJI046,100
DRN35_BABATUNJI049,100
DRN36_BABATUNJI019,100
DRN36_BABATUNJI027,100
DRN36_BABATUNJI035,100
DRN36_BABATUNJI045,100
DRN37_BABATUNJI013,100
DRN47_BABATUNJI010,100
DRN47_BABATUNJI013,100
DRN59_BABATUNJI017,100
DRN59_BABATUNJI027,100
DRN59_BABATUNJI045,100
DRN59_BABATUNJI049,100
DRO35_BABATUNJI045,100
DRO47_BABATUNJI035,100
DRO59_BABATUNJI017,100
DRO59_BABATUNJI019,100
DRO59_BABATUNJI045,100
DRO59_BABATUNJI049,100
DRP35_BABATUNJI027,100
DRP35_BABATUNJI045,100
DRP47_BABATUNJI013,100
DRP47_BABATUNJI046,100
DRP47_BABATUNJI049,100
DRQ35_BABATUNJI027,100
DRQ35_BABATUNJI035,100
DRQ35_BABATUNJI045,100
DRY23_BABATUNJI017,100
DRY23_BABATUNJI019,100
DRY23_BABATUNJI027,100
DRY23_BABATUNJI035,100
DRY23_BABATUNJI046,100
DRY23_BABATUNJI049,100
DRZ11_BABATUNJI027,100
DRZ11_BABATUNJI045,100
DRZ24_BABATUNJI027,100
DRZ24_BABATUNJI045,100
FDA01_BABATUNJI017,100
FDA01_BABATUNJI018,100
FDA01_BABATUNJI027,100
FDA01_BABATUNJI035,100
FDA01_BABATUNJI045,100
FDA01_BABATUNJI046,100
FDA04_BABATUNJI013,100
FDA04_BABATUNJI018,100
FDA04_BABATUNJI035,100
FDA04_BABATUNJI046,100
FDA04_BABATUNJI049,100
FDA07_BABATUNJI027,100
FDA07_BABATUNJI035,100
FDA07_BABATUNJI045,100
FDA10_BABATUNJI027,100
FDA10_BABATUNJI035,100
FDA11_BABATUNJI017,100
FDA11_BABATUNJI018,100
FDA11_BABATUNJI027,100
FDA11_BABATUNJI045,100
FDA13_BABATUNJI017,100
FDA13_BABATUNJI018,100
FDA13_BABATUNJI019,100
FDA13_BABATUNJI027,100
FDA13_BABATUNJI035,100
FDA13_BABATUNJI045,100
FDA13_BABATUNJI049,100
FDA15_BABATUNJI010,100
FDA15_BABATUNJI013,100
FDA15_BABATUNJI018,100
FDA15_BABATUNJI049,100
FDA16_BABATUNJI018,100
FDA16_BABATUNJI046,100
FDA20_BABATUNJI013,100
FDA21_BABATUNJI013,100
FDA23_BABATUNJI017,100
FDA23_BABATUNJI027,100
FDA23_BABATUNJI035,100
FDA25_BABATUNJI017,100
FDA25_BABATUNJI018,100
FDA25_BABATUNJI035,100
FDA25_BABATUNJI045,100
FDA26_BABATUNJI013,100
FDA26_BABATUNJI018,100
FDA27_BABATUNJI018,100
FDA27_BABATUNJI046,100
FDA27_BABATUNJI049,100
FDA28_BABATUNJI027,100
FDA32_BABATUNJI010,100
FDA32_BABATUNJI018,100
FDA32_BABATUNJI046,100
FDA34_BABATUNJI013,100
FDA35_BABATUNJI027,100
FDA36_BABATUNJI013,100
FDA37_BABATUNJI035,100
FDA38_BABATUNJI013,100
FDA38_BABATUNJI018,100
FDA38_BABATUNJI049,100
FDA39_BABATUNJI017,100
FDA39_BABATUNJI018,100
FDA39_BABATUNJI027,100
FDA39_BABATUNJI035,100
FDA39_BABATUNJI046,100
FDA39_BABATUNJI049,100
FDA40_BABATUNJI017,100
FDA40_BABATUNJI035,100
FDA40_BABATUNJI046,100
FDA40_BABATUNJI049,100
FDA43_BABATUNJI010,100
FDA43_BABATUNJI013,100
FDA44_BABATUNJI017,100
FDA44_BABATUNJI018,100
FDA44_BABATUNJI027,100
FDA44_BABATUNJI035,100
FDA44_BABATUNJI045,100
FDA44_BABATUNJI049,100
FDA45_BABATUNJI013,100
FDA46_BABATUNJI013,100
FDA48_BABATUNJI046,100
FDA49_BABATUNJI019,100
FDA49_BABATUNJI027,100
FDA49_BABATUNJI035,100
FDA49_BABATUNJI046,100
FDA49_BABATUNJI049,100
FDA50_BABATUNJI017,100
FDA50_BABATUNJI019,100
FDA50_BABATUNJI027,100
FDA50_BABATUNJI035,100
FDA51_BABATUNJI027,100
FDA52_BABATUNJI013,100
FDA55_BABATUNJI013,100
FDA55_BABATUNJI018,100
FDA56_BABATUNJI027,100
FDA56_BABATUNJI045,100
FDA57_BABATUNJI027,100
FDA57_BABATUNJI045,100
FDA58_BABATUNJI013,100
FDA58_BABATUNJI046,100
FDB02_BABATUNJI013,100
FDB03_BABATUNJI013,100
FDB03_BABATUNJI018,100
FDB03_BABATUNJI046,100
FDB03_BABATUNJI049,100
FDB04_BABATUNJI017,100
FDB04_BABATUNJI019,100
FDB04_BABATUNJI027,100
FDB04_BABATUNJI035,100
FDB04_BABATUNJI045,100
FDB04_BABATUNJI046,100
FDB05_BABATUNJI046,100
FDB05_BABATUNJI049,100
FDB10_BABATUNJI018,100
FDB10_BABATUNJI049,100
FDB11_BABATUNJI013,100
FDB12_BABATUNJI035,100
FDB14_BABATUNJI018,100
FDB14_BABATUNJI019,100
FDB14_BABATUNJI027,100
FDB14_BABATUNJI035,100
FDB14_BABATUNJI045,100
FDB15_BABATUNJI010,100
FDB15_BABATUNJI013,100
FDB15_BABATUNJI018,100
FDB15_BABATUNJI035,100
FDB15_BABATUNJI046,100
FDB15_BABATUNJI049,100
FDB16_BABATUNJI035,100
FDB16_BABATUNJI045,100
FDB16_BABATUNJI046,100
FDB16_BABATUNJI049,100
FDB17_BABATUNJI010,100
FDB17_BABATUNJI013,100
FDB20_BABATUNJI017,100
FDB20_BABATUNJI035,100
FDB20_BABATUNJI045,100
FDB20_BABATUNJI049,100
FDB21_BABATUNJI018,100
FDB23_BABATUNJI013,100
FDB23_BABATUNJI018,100
FDB26_BABATUNJI017,100
FDB26_BABATUNJI027,100
FDB26_BABATUNJI035,100
FDB26_BABATUNJI045,100
FDB26_BABATUNJI046,100
FDB27_BABATUNJI010,100
FDB27_BABATUNJI046,100
FDB28_BABATUNJI010,100
FDB28_BABATUNJI013,100
FDB29_BABATUNJI035,100
FDB29_BABATUNJI045,100
FDB32_BABATUNJI017,100
FDB32_BABATUNJI018,100
FDB32_BABATUNJI019,100
FDB32_BABATUNJI027,100
FDB32_BABATUNJI035,100
FDB34_BABATUNJI017,100
FDB34_BABATUNJI018,100
FDB34_BABATUNJI027,100
FDB34_BABATUNJI035,100
FDB34_BABATUNJI045,100
FDB34_BABATUNJI049,100
FDB35_BABATUNJI017,100
FDB35_BABATUNJI018,100
FDB35_BABATUNJI019,100
FDB35_BABATUNJI045,100
FDB35_BABATUNJI046,100
FDB36_BABATUNJI027,100
FDB37_BABATUNJI013,100
FDB37_BABATUNJI046,100
FDB37_BABATUNJI049,100
FDB39_BABATUNJI017,100
FDB39_BABATUNJI019,100
FDB39_BABATUNJI035,100
FDB39_BABATUNJI045,100
FDB39_BABATUNJI049,100
FDB41_BABATUNJI018,100
FDB41_BABATUNJI019,100
FDB41_BABATUNJI035,100
FDB41_BABATUNJI045,100
FDB41_BABATUNJI046,100
FDB44_BABATUNJI013,100
FDB44_BABATUNJI046,100
FDB45_BABATUNJI019,100
FDB45_BABATUNJI045,100
FDB47_BABATUNJI013,100
FDB49_BABATUNJI018,100
FDB49_BABATUNJI019,100
FDB49_BABATUNJI045,100
FDB50_BABATUNJI017,100
FDB50_BABATUNJI018,100
FDB50_BABATUNJI045,100
FDB50_BABATUNJI046,100
FDB50_BABATUNJI049,100
FDB51_BABATUNJI017,100
FDB51_BABATUNJI018,100
FDB51_BABATUNJI035,100
FDB51_BABATUNJI045,100
FDB51_BABATUNJI046,100
FDB52_BABATUNJI013,100
FDB52_BABATUNJI018,100
FDB52_BABATUNJI049,100
FDB56_BABATUNJI013,100
FDB57_BABATUNJI013,100
FDB57_BABATUNJI046,100
FDB59_BABATUNJI046,100
FDB60_BABATUNJI010,100
FDB60_BABATUNJI013,100
FDC02_BABATUNJI010,100
FDC02_BABATUNJI013,100
FDC02_BABATUNJI018,100
FDC02_BABATUNJI046,100
FDC03_BABATUNJI013,100
FDC04_BABATUNJI018,100
FDC04_BABATUNJI049,100
FDC08_BABATUNJI010,100
FDC08_BABATUNJI013,100
FDC08_BABATUNJI046,100
FDC08_BABATUNJI049,100
FDC09_BABATUNJI018,100
FDC09_BABATUNJI045,100
FDC10_BABATUNJI027,100
FDC10_BABATUNJI035,100
FDC11_BABATUNJI018,100
FDC11_BABATUNJI027,100
FDC11_BABATUNJI046,100
FDC14_BABATUNJI017,100
FDC14_BABATUNJI018,100
FDC14_BABATUNJI019,100
FDC14_BABATUNJI027,100
FDC14_BABATUNJI046,100
FDC14_BABATUNJI049,100
FDC16_BABATUNJI017,100
FDC16_BABATUNJI018,100
FDC16_BABATUNJI027,100
FDC16_BABATUNJI035,100
FDC16_BABATUNJI045,100
FDC16_BABATUNJI046,100
FDC16_BABATUNJI049,100
FDC17_BABATUNJI013,100
FDC17_BABATUNJI046,100
FDC20_BABATUNJI017,100
FDC20_BABATUNJI018,100
FDC20_BABATUNJI019,100
FDC20_BABATUNJI035,100
FDC20_BABATUNJI045,100
FDC20_BABATUNJI046,100
FDC21_BABATUNJI017,100
FDC21_BABATUNJI019,100
FDC22_BABATUNJI013,100
FDC26_BABATUNJI035,100
FDC28_BABATUNJI017,100
FDC28_BABATUNJI019,100
FDC28_BABATUNJI027,100
FDC28_BABATUNJI045,100
FDC29_BABATUNJI027,100
FDC29_BABATUNJI035,100
FDC32_BABATUNJI019,100
FDC32_BABATUNJI027,100
FDC32_BABATUNJI035,100
FDC32_BABATUNJI045,100
FDC33_BABATUNJI013,100
FDC33_BABATUNJI046,100
FDC35_BABATUNJI010,100
FDC35_BABATUNJI013,100
FDC35_BABATUNJI046,100
FDC37_BABATUNJI019,100
FDC39_BABATUNJI013,100
FDC40_BABATUNJI017,100
FDC40_BABATUNJI018,100
FDC40_BABATUNJI035,100
FDC40_BABATUNJI049,100
FDC41_BABATUNJI017,100
FDC41_BABATUNJI019,100
FDC41_BABATUNJI027,100
FDC41_BABATUNJI046,100
FDC41_BABATUNJI049,100
FDC44_BABATUNJI027,100
FDC44_BABATUNJI045,100
FDC46_BABATUNJI010,100
FDC46_BABATUNJI013,100
FDC47_BABATUNJI010,100
FDC47_BABATUNJI013,100
FDC47_BABATUNJI018,100
FDC48_BABATUNJI017,100
FDC48_BABATUNJI019,100
FDC48_BABATUNJI035,100
FDC48_BABATUNJI046,100
FDC50_BABATUNJI017,100
FDC50_BABATUNJI018,100
FDC50_BABATUNJI027,100
FDC50_BABATUNJI035,100
FDC50_BABATUNJI045,100
FDC51_BABATUNJI035,100
FDC51_BABATUNJI045,100
FDC53_BABATUNJI018,100
FDC53_BABATUNJI027,100
FDC53_BABATUNJI035,100
FDC56_BABATUNJI035,100
FDC57_BABATUNJI013,100
FDC58_BABATUNJI017,100
FDC58_BABATUNJI018,100
FDC58_BABATUNJI027,100
FDC58_BABATUNJI035,100
FDC59_BABATUNJI017,100
FDC59_BABATUNJI018,100
FDC59_BABATUNJI027,100
FDC59_BABATUNJI035,100
FDC59_BABATUNJI045,100
FDC59_BABATUNJI049,100
FDC60_BABATUNJI017,100
FDC60_BABATUNJI019,100
FDC60_BABATUNJI046,100
FDD02_BABATUNJI045,100
FDD03_BABATUNJI013,100
FDD03_BABATUNJI018,100
FDD03_BABATUNJI046,100
FDD05_BABATUNJI027,100
FDD05_BABATUNJI045,100
FDD08_BABATUNJI017,100
FDD08_BABATUNJI018,100
FDD08_BABATUNJI027,100
FDD08_BABATUNJI035,100
FDD08_BABATUNJI049,100
FDD09_BABATUNJI013,100
FDD10_BABATUNJI010,100
FDD10_BABATUNJI013,100
FDD11_BABATUNJI013,100
FDD11_BABATUNJI018,100
FDD14_BABATUNJI013,100
FDD16_BABATUNJI019,100
FDD16_BABATUNJI035,100
FDD16_BABATUNJI046,100
FDD17_BABATUNJI010,100
FDD17_BABATUNJI013,100
FDD17_BABATUNJI046,100
FDD17_BABATUNJI049,100
FDD20_BABATUNJI027,100
FDD21_BABATUNJI035,100
FDD26_BABATUNJI010,100
FDD28_BABATUNJI017,100
FDD28_BABATUNJI027,100
FDD28_BABATUNJI046,100
FDD28_BABATUNJI049,100
FDD29_BABATUNJI010,100
FDD29_BABATUNJI013,100
FDD29_BABATUNJI018,100
FDD29_BABATUNJI046,100
FDD29_BABATUNJI049,100
FDD32_BABATUNJI017,100
FDD32_BABATUNJI018,100
FDD33_BABATUNJI013,100
FDD33_BABATUNJI018,100
FDD35_BABATUNJI027,100
FDD35_BABATUNJI035,100
FDD35_BABATUNJI045,100
FDD36_BABATUNJI027,100
FDD38_BABATUNJI017,100
FDD38_BABATUNJI019,100
FDD38_BABATUNJI027,100
FDD38_BABATUNJI035,100
FDD38_BABATUNJI045,100
FDD39_BABATUNJI013,100
FDD39_BABATUNJI018,100
FDD39_BABATUNJI046,100
FDD40_BABATUNJI013,100
FDD41_BABATUNJI017,100
FDD41_BABATUNJI027,100
FDD41_BABATUNJI045,100
FDD44_BABATUNJI013,100
FDD44_BABATUNJI018,100
FDD44_BABATUNJI046,100
FDD44_BABATUNJI049,100
FDD45_BABATUNJI018,100
FDD45_BABATUNJI035,100
FDD45_BABATUNJI045,100
FDD47_BABATUNJI013,100
FDD48_BABATUNJI045,100
FDD50_BABATUNJI013,100
FDD51_BABATUNJI019,100
FDD51_BABATUNJI027,100
FDD51_BABATUNJI035,100
FDD51_BABATUNJI045,100
FDD51_BABATUNJI049,100
FDD52_BABATUNJI027,100
FDD52_BABATUNJI035,100
FDD53_BABATUNJI017,100
FDD53_BABATUNJI019,100
FDD53_BABATUNJI027,100
FDD53_BABATUNJI049,100
FDD57_BABATUNJI017,100
FDD57_BABATUNJI027,100
FDD57_BABATUNJI035,100
FDD58_BABATUNJI018,100
FDD58_BABATUNJI019,100
FDD58_BABATUNJI035,100
FDD58_BABATUNJI045,100
FDD59_BABATUNJI017,100
FDD59_BABATUNJI027,100
FDD59_BABATUNJI045,100
FDD59_BABATUNJI046,100
FDE02_BABATUNJI017,100
FDE02_BABATUNJI019,100
FDE02_BABATUNJI027,100
FDE04_BABATUNJI010,100
FDE04_BABATUNJI013,100
FDE09_BABATUNJI019,100
FDE09_BABATUNJI027,100
FDE09_BABATUNJI045,100
FDE10_BABATUNJI027,100
FDE11_BABATUNJI010,100
FDE11_BABATUNJI013,100
FDE14_BABATUNJI018,100
FDE14_BABATUNJI035,100
FDE14_BABATUNJI045,100
FDE16_BABATUNJI010,100
FDE20_BABATUNJI013,100
FDE21_BABATUNJI027,100
FDE21_BABATUNJI045,100
FDE23_BABATUNJI017,100
FDE23_BABATUNJI018,100
FDE23_BABATUNJI035,100
FDE23_BABATUNJI045,100
FDE23_BABATUNJI046,100
FDE28_BABATUNJI010,100
FDE28_BABATUNJI013,100
FDE28_BABATUNJI049,100
FDE29_BABATUNJI018,100
FDE29_BABATUNJI027,100
FDE29_BABATUNJI045,100
FDE29_BABATUNJI046,100
FDE29_BABATUNJI049,100
FDE32_BABATUNJI017,100
FDE32_BABATUNJI018,100
FDE32_BABATUNJI027,100
FDE32_BABATUNJI035,100
FDE32_BABATUNJI046,100
FDE33_BABATUNJI017,100
FDE33_BABATUNJI019,100
FDE33_BABATUNJI027,100
FDE33_BABATUNJI045,100
FDE33_BABATUNJI049,100
FDE34_BABATUNJI010,100
FDE35_BABATUNJI027,100
FDE35_BABATUNJI045,100
FDE35_BABATUNJI049,100
FDE39_BABATUNJI035,100
FDE39_BABATUNJI045,100
FDE40_BABATUNJI017,100
FDE40_BABATUNJI018,100
FDE40_BABATUNJI019,100
FDE40_BABATUNJI027,100
FDE40_BABATUNJI045,100
FDE41_BABATUNJI017,100
FDE41_BABATUNJI019,100
FDE41_BABATUNJI035,100
FDE41_BABATUNJI045,100
FDE41_BABATUNJI046,100
FDE41_BABATUNJI049,100
FDE44_BABATUNJI017,100
FDE44_BABATUNJI035,100
FDE44_BABATUNJI045,100
FDE44_BABATUNJI046,100
FDE45_BABATUNJI013,100
FDE51_BABATUNJI017,100
FDE51_BABATUNJI019,100
FDE51_BABATUNJI027,100
FDE51_BABATUNJI035,100
FDE51_BABATUNJI046,100
FDE52_BABATUNJI027,100
FDE53_BABATUNJI017,100
FDE53_BABATUNJI027,100
FDE53_BABATUNJI045,100
FDE56_BABATUNJI017,100
FDE56_BABATUNJI019,100
FDE56_BABATUNJI027,100
FDE56_BABATUNJI035,100
FDE57_BABATUNJI027,100
FDE58_BABATUNJI027,100
FDE59_BABATUNJI017,100
FDE59_BABATUNJI018,100
FDE59_BABATUNJI035,100
FDE59_BABATUNJI049,100
FDF02_BABATUNJI017,100
FDF02_BABATUNJI018,100
FDF04_BABATUNJI013,100
FDF04_BABATUNJI018,100
FDF04_BABATUNJI046,100
FDF04_BABATUNJI049,100
FDF05_BABATUNJI013,100
FDF05_BABATUNJI018,100
FDF05_BABATUNJI035,100
FDF05_BABATUNJI045,100
FDF05_BABATUNJI046,100
FDF05_BABATUNJI049,100
FDF08_BABATUNJI018,100
FDF08_BABATUNJI035,100
FDF08_BABATUNJI045,100
FDF08_BABATUNJI046,100
FDF09_BABATUNJI018,100
FDF09_BABATUNJI027,100
FDF09_BABATUNJI035,100
FDF09_BABATUNJI045,100
FDF09_BABATUNJI049,100
FDF11_BABATUNJI018,100
FDF11_BABATUNJI049,100
FDF20_BABATUNJI010,100
FDF20_BABATUNJI013,100
FDF20_BABATUNJI046,100
FDF21_BABATUNJI010,100
FDF21_BABATUNJI013,100
FDF22_BABATUNJI010,100
FDF22_BABATUNJI013,100
FDF22_BABATUNJI046,100
FDF24_BABATUNJI017,100
FDF24_BABATUNJI018,100
FDF24_BABATUNJI027,100
FDF24_BABATUNJI035,100
FDF24_BABATUNJI049,100
FDF28_BABATUNJI027,100
FDF29_BABATUNJI027,100
FDF32_BABATUNJI010,100
FDF32_BABATUNJI013,100
FDF32_BABATUNJI046,100
FDF33_BABATUNJI027,100
FDF33_BABATUNJI035,100
FDF33_BABATUNJI045,100
FDF34_BABATUNJI010,100
FDF35_BABATUNJI017,100
FDF35_BABATUNJI035,100
FDF35_BABATUNJI045,100
FDF38_BABATUNJI046,100
FDF39_BABATUNJI013,100
FDF39_BABATUNJI018,100
FDF39_BABATUNJI045,100
FDF39_BABATUNJI046,100
FDF41_BABATUNJI018,100
FDF41_BABATUNJI046,100
FDF41_BABATUNJI049,100
FDF44_BABATUNJI027,100
FDF45_BABATUNJI017,100
FDF45_BABATUNJI018,100
FDF45_BABATUNJI045,100
FDF45_BABATUNJI049,100
FDF46_BABATUNJI027,100
FDF46_BABATUNJI035,100
FDF46_BABATUNJI045,100
FDF47_BABATUNJI013,100
FDF47_BABATUNJI046,100
FDF52_BABATUNJI010,100
FDF52_BABATUNJI013,100
FDF53_BABATUNJI013,100
FDF56_BABATUNJI010,100
FDF56_BABATUNJI013,100
FDF58_BABATUNJI027,100
FDF58_BABATUNJI046,100
FDG08_BABATUNJI013,100
FDG09_BABATUNJI010,100
FDG09_BABATUNJI013,100
FDG10_BABATUNJI018,100
FDG10_BABATUNJI019,100
FDG10_BABATUNJI027,100
FDG10_BABATUNJI035,100
FDG10_BABATUNJI045,100
FDG12_BABATUNJI027,100
FDG12_BABATUNJI045,100
FDG16_BABATUNJI013,100
FDG16_BABATUNJI046,100
FDG17_BABATUNJI018,100
FDG17_BABATUNJI049,100
FDG20_BABATUNJI010,100
FDG22_BABATUNJI017,100
FDG22_BABATUNJI027,100
FDG22_BABATUNJI035,100
FDG22_BABATUNJI046,100
FDG24_BABATUNJI017,100
FDG24_BABATUNJI018,100
FDG24_BABATUNJI027,100
FDG24_BABATUNJI035,100
FDG24_BABATUNJI045,100
FDG24_BABATUNJI046,100
FDG24_BABATUNJI049,100
FDG26_BABATUNJI013,100
FDG26_BABATUNJI018,100
FDG26_BABATUNJI049,100
FDG28_BABATUNJI046,100
FDG29_BABATUNJI017,100
FDG29_BABATUNJI027,100
FDG29_BABATUNJI035,100
FDG29_BABATUNJI046,100
FDG29_BABATUNJI049,100
FDG31_BABATUNJI019,100
FDG31_BABATUNJI027,100
FDG31_BABATUNJI035,100
FDG31_BABATUNJI049,100
FDG32_BABATUNJI013,100
FDG32_BABATUNJI046,100
FDG33_BABATUNJI013,100
FDG34_BABATUNJI017,100
FDG34_BABATUNJI027,100
FDG34_BABATUNJI035,100
FDG34_BABATUNJI045,100
FDG38_BABATUNJI017,100
FDG38_BABATUNJI018,100
FDG38_BABATUNJI027,100
FDG38_BABATUNJI045,100
FDG38_BABATUNJI046,100
FDG38_BABATUNJI049,100
FDG40_BABATUNJI017,100
FDG40_BABATUNJI027,100
FDG40_BABATUNJI046,100
FDG41_BABATUNJI017,100
FDG41_BABATUNJI035,100
FDG44_BABATUNJI018,100
FDG44_BABATUNJI019,100
FDG44_BABATUNJI027,100
FDG44_BABATUNJI035,100
FDG44_BABATUNJI046,100
FDG44_BABATUNJI049,100
FDG45_BABATUNJI010,100
FDG45_BABATUNJI013,100
FDG46_BABATUNJI027,100
FDG46_BABATUNJI045,100
FDG47_BABATUNJI010,100
FDG47_BABATUNJI013,100
FDG47_BABATUNJI018,100
FDG47_BABATUNJI035,100
FDG47_BABATUNJI046,100
FDG50_BABATUNJI017,100
FDG50_BABATUNJI018,100
FDG50_BABATUNJI045,100
FDG50_BABATUNJI046,100
FDG52_BABATUNJI018,100
FDG52_BABATUNJI027,100
FDG52_BABATUNJI035,100
FDG52_BABATUNJI049,100
FDG56_BABATUNJI017,100
FDG56_BABATUNJI018,100
FDG56_BABATUNJI027,100
FDG56_BABATUNJI035,100
FDG56_BABATUNJI045,100
FDG57_BABATUNJI017,100
FDG57_BABATUNJI018,100
FDG57_BABATUNJI035,100
FDG57_BABATUNJI045,100
FDG57_BABATUNJI046,100
FDG57_BABATUNJI049,100
FDG59_BABATUNJI017,100
FDG59_BABATUNJI018,100
FDG59_BABATUNJI027,100
FDG59_BABATUNJI035,100
FDG59_BABATUNJI045,100
FDG59_BABATUNJI046,100
FDG60_BABATUNJI013,100
FDG60_BABATUNJI046,100
FDG60_BABATUNJI049,100
FDH02_BABATUNJI017,100
FDH02_BABATUNJI018,100
FDH02_BABATUNJI027,100
FDH02_BABATUNJI045,100
FDH04_BABATUNJI017,100
FDH04_BABATUNJI018,100
FDH04_BABATUNJI019,100
FDH04_BABATUNJI046,100
FDH05_BABATUNJI018,100
FDH05_BABATUNJI046,100
FDH05_BABATUNJI049,100
FDH08_BABATUNJI046,100
FDH09_BABATUNJI017,100
FDH09_BABATUNJI027,100
FDH09_BABATUNJI035,100
FDH09_BABATUNJI045,100
FDH09_BABATUNJI049,100
FDH10_BABATUNJI010,100
FDH10_BABATUNJI013,100
FDH12_BABATUNJI017,100
FDH12_BABATUNJI019,100
FDH12_BABATUNJI045,100
FDH16_BABATUNJI017,100
FDH16_BABATUNJI027,100
FDH16_BABATUNJI046,100
FDH16_BABATUNJI049,100
FDH17_BABATUNJI017,100
FDH17_BABATUNJI019,100
FDH17_BABATUNJI035,100
FDH17_BABATUNJI045,100
FDH19_BABATUNJI013,100
FDH20_BABATUNJI017,100
FDH20_BABATUNJI018,100
FDH20_BABATUNJI035,100
FDH20_BABATUNJI045,100
FDH26_BABATUNJI027,100
FDH28_BABATUNJI017,100
FDH28_BABATUNJI018,100
FDH28_BABATUNJI019,100
FDH28_BABATUNJI027,100
FDH28_BABATUNJI035,100
FDH28_BABATUNJI045,100
FDH28_BABATUNJI046,100
FDH28_BABATUNJI049,100
FDH31_BABATUNJI019,100
FDH31_BABATUNJI027,100
FDH31_BABATUNJI035,100
FDH32_BABATUNJI018,100
FDH32_BABATUNJI027,100
FDH32_BABATUNJI035,100
FDH32_BABATUNJI045,100
FDH33_BABATUNJI017,100
FDH33_BABATUNJI018,100
FDH33_BABATUNJI019,100
FDH33_BABATUNJI027,100
FDH33_BABATUNJI035,100
FDH33_BABATUNJI045,100
FDH33_BABATUNJI046,100
FDH33_BABATUNJI049,100
FDH38_BABATUNJI035,100
FDH40_BABATUNJI017,100
FDH40_BABATUNJI018,100
FDH40_BABATUNJI027,100
FDH40_BABATUNJI046,100
FDH41_BABATUNJI013,100
FDH41_BABATUNJI046,100
FDH45_BABATUNJI018,100
FDH45_BABATUNJI019,100
FDH45_BABATUNJI035,100
FDH45_BABATUNJI045,100
FDH45_BABATUNJI046,100
FDH45_BABATUNJI049,100
FDH47_BABATUNJI035,100
FDH47_BABATUNJI045,100
FDH48_BABATUNJI017,100
FDH48_BABATUNJI018,100
FDH48_BABATUNJI019,100
FDH48_BABATUNJI045,100
FDH48_BABATUNJI049,100
FDH50_BABATUNJI013,100
FDH52_BABATUNJI017,100
FDH52_BABATUNJI019,100
FDH52_BABATUNJI027,100
FDH53_BABATUNJI017,100
FDH53_BABATUNJI018,100
FDH53_BABATUNJI035,100
FDH53_BABATUNJI046,100
FDH56_BABATUNJI035,100
FDH56_BABATUNJI045,100
FDH57_BABATUNJI027,100
FDH58_BABATUNJI045,100
FDH60_BABATUNJI046,100
FDI02_BABATUNJI017,100
FDI02_BABATUNJI035,100
FDI04_BABATUNJI013,100
FDI04_BABATUNJI046,100
FDI05_BABATUNJI017,100
FDI05_BABATUNJI046,100
FDI05_BABATUNJI049,100
FDI07_BABATUNJI046,100
FDI08_BABATUNJI018,100
FDI08_BABATUNJI046,100
FDI08_BABATUNJI049,100
FDI09_BABATUNJI018,100
FDI09_BABATUNJI046,100
FDI09_BABATUNJI049,100
FDI10_BABATUNJI013,100
FDI12_BABATUNJI017,100
FDI12_BABATUNJI045,100
FDI12_BABATUNJI046,100
FDI12_BABATUNJI049,100
FDI14_BABATUNJI027,100
FDI15_BABATUNJI013,100
FDI15_BABATUNJI035,100
FDI15_BABATUNJI046,100
FDI15_BABATUNJI049,100
FDI16_BABATUNJI018,100
FDI16_BABATUNJI027,100
FDI16_BABATUNJI035,100
FDI16_BABATUNJI046,100
FDI19_BABATUNJI010,100
FDI19_BABATUNJI013,100
FDI19_BABATUNJI046,100
FDI20_BABATUNJI010,100
FDI20_BABATUNJI013,100
FDI20_BABATUNJI046,100
FDI21_BABATUNJI018,100
FDI21_BABATUNJI027,100
FDI21_BABATUNJI035,100
FDI21_BABATUNJI045,100
FDI21_BABATUNJI046,100
FDI22_BABATUNJI010,100
FDI22_BABATUNJI013,100
FDI22_BABATUNJI046,100
FDI24_BABATUNJI013,100
FDI27_BABATUNJI017,100
FDI27_BABATUNJI027,100
FDI27_BABATUNJI045,100
FDI27_BABATUNJI049,100
FDI28_BABATUNJI018,100
FDI28_BABATUNJI027,100
FDI28_BABATUNJI045,100
FDI28_BABATUNJI046,100
FDI28_BABATUNJI049,100
FDI32_BABATUNJI027,100
FDI32_BABATUNJI035,100
FDI32_BABATUNJI045,100
FDI33_BABATUNJI017,100
FDI33_BABATUNJI027,100
FDI33_BABATUNJI045,100
FDI34_BABATUNJI018,100
FDI34_BABATUNJI046,100
FDI34_BABATUNJI049,100
FDI36_BABATUNJI046,100
FDI38_BABATUNJI010,100
FDI38_BABATUNJI046,100
FDI40_BABATUNJI017,100
FDI40_BABATUNJI018,100
FDI40_BABATUNJI035,100
FDI40_BABATUNJI045,100
FDI44_BABATUNJI017,100
FDI44_BABATUNJI027,100
FDI44_BABATUNJI049,100
FDI45_BABATUNJI013,100
FDI46_BABATUNJI018,100
FDI46_BABATUNJI046,100
FDI46_BABATUNJI049,100
FDI48_BABATUNJI017,100
FDI48_BABATUNJI035,100
FDI48_BABATUNJI049,100
FDI50_BABATUNJI013,100
FDI50_BABATUNJI018,100
FDI50_BABATUNJI049,100
FDI52_BABATUNJI035,100
FDI52_BABATUNJI045,100
FDI56_BABATUNJI017,100
FDI56_BABATUNJI018,100
FDI56_BABATUNJI027,100
FDI56_BABATUNJI046,100
FDI57_BABATUNJI013,100
FDI57_BABATUNJI046,100
FDI58_BABATUNJI017,100
FDI58_BABATUNJI045,100
FDI60_BABATUNJI018,100
FDI60_BABATUNJI045,100
FDI60_BABATUNJI046,100
FDI60_BABATUNJI049,100
FDJ03_BABATUNJI018,100
FDJ03_BABATUNJI045,100
FDJ04_BABATUNJI035,100
FDJ04_BABATUNJI045,100
FDJ07_BABATUNJI027,100
FDJ09_BABATUNJI017,100
FDJ09_BABATUNJI018,100
FDJ09_BABATUNJI035,100
FDJ09_BABATUNJI045,100
FDJ09_BABATUNJI046,100
FDJ09_BABATUNJI049,100
FDJ10_BABATUNJI027,100
FDJ12_BABATUNJI013,100
FDJ14_BABATUNJI017,100
FDJ14_BABATUNJI019,100
FDJ14_BABATUNJI046,100
FDJ16_BABATUNJI017,100
FDJ16_BABATUNJI018,100
FDJ16_BABATUNJI035,100
FDJ16_BABATUNJI046,100
FDJ16_BABATUNJI049,100
FDJ20_BABATUNJI045,100
FDJ22_BABATUNJI013,100
FDJ26_BABATUNJI018,100
FDJ26_BABATUNJI046,100
FDJ27_BABATUNJI017,100
FDJ27_BABATUNJI018,100
FDJ27_BABATUNJI045,100
FDJ28_BABATUNJI010,100
FDJ32_BABATUNJI027,100
FDJ32_BABATUNJI045,100
FDJ32_BABATUNJI046,100
FDJ33_BABATUNJI027,100
FDJ33_BABATUNJI035,100
FDJ34_BABATUNJI027,100
FDJ36_BABATUNJI027,100
FDJ36_BABATUNJI035,100
FDJ36_BABATUNJI045,100
FDJ38_BABATUNJI013,100
FDJ40_BABATUNJI027,100
FDJ40_BABATUNJI035,100
FDJ41_BABATUNJI010,100
FDJ41_BABATUNJI013,100
FDJ41_BABATUNJI018,100
FDJ41_BABATUNJI035,100
FDJ41_BABATUNJI046,100
FDJ44_BABATUNJI013,100
FDJ45_BABATUNJI018,100
FDJ45_BABATUNJI019,100
FDJ45_BABATUNJI027,100
FDJ45_BABATUNJI035,100
FDJ45_BABATUNJI045,100
FDJ45_BABATUNJI049,100
FDJ48_BABATUNJI010,100
FDJ48_BABATUNJI013,100
FDJ48_BABATUNJI046,100
FDJ50_BABATUNJI035,100
FDJ50_BABATUNJI045,100
FDJ50_BABATUNJI049,100
FDJ53_BABATUNJI027,100
FDJ53_BABATUNJI035,100
FDJ55_BABATUNJI010,100
FDJ55_BABATUNJI013,100
FDJ55_BABATUNJI018,100
FDJ55_BABATUNJI046,100
FDJ56_BABATUNJI017,100
FDJ56_BABATUNJI019,100
FDJ56_BABATUNJI027,100
FDJ56_BABATUNJI045,100
FDJ57_BABATUNJI010,100
FDJ58_BABATUNJI013,100
FDK02_BABATUNJI035,100
FDK03_BABATUNJI010,100
FDK03_BABATUNJI018,100
FDK03_BABATUNJI046,100
FDK03_BABATUNJI049,100
FDK04_BABATUNJI017,100
FDK04_BABATUNJI027,100
FDK04_BABATUNJI045,100
FDK04_BABATUNJI046,100
FDK08_BABATUNJI018,100
FDK08_BABATUNJI019,100
FDK08_BABATUNJI027,100
FDK09_BABATUNJI010,100
FDK09_BABATUNJI046,100
FDK10_BABATUNJI013,100
FDK14_BABATUNJI017,100
FDK14_BABATUNJI018,100
FDK14_BABATUNJI035,100
FDK14_BABATUNJI045,100
FDK14_BABATUNJI046,100
FDK15_BABATUNJI018,100
FDK15_BABATUNJI019,100
FDK15_BABATUNJI027,100
FDK15_BABATUNJI035,100
FDK16_BABATUNJI018,100
FDK16_BABATUNJI027,100
FDK16_BABATUNJI035,100
FDK16_BABATUNJI045,100
FDK20_BABATUNJI027,100
FDK20_BABATUNJI045,100
FDK21_BABATUNJI010,100
FDK21_BABATUNJI013,100
FDK21_BABATUNJI018,100
FDK21_BABATUNJI046,100
FDK21_BABATUNJI049,100
FDK22_BABATUNJI010,100
FDK22_BABATUNJI018,100
FDK24_BABATUNJI018,100
FDK24_BABATUNJI019,100
FDK24_BABATUNJI027,100
FDK24_BABATUNJI035,100
FDK24_BABATUNJI045,100
FDK24_BABATUNJI046,100
FDK27_BABATUNJI027,100
FDK27_BABATUNJI035,100
FDK28_BABATUNJI010,100
FDK28_BABATUNJI018,100
FDK28_BABATUNJI046,100
FDK33_BABATUNJI013,100
FDK34_BABATUNJI013,100
FDK34_BABATUNJI018,100
FDK36_BABATUNJI017,100
FDK36_BABATUNJI027,100
FDK36_BABATUNJI035,100
FDK36_BABATUNJI046,100
FDK40_BABATUNJI010,100
FDK40_BABATUNJI013,100
FDK40_BABATUNJI018,100
FDK40_BABATUNJI027,100
FDK40_BABATUNJI045,100
FDK40_BABATUNJI046,100
FDK40_BABATUNJI049,100
FDK41_BABATUNJI017,100
FDK41_BABATUNJI027,100
FDK41_BABATUNJI035,100
FDK41_BABATUNJI045,100
FDK41_BABATUNJI046,100
FDK43_BABATUNJI045,100
FDK45_BABATUNJI035,100
FDK45_BABATUNJI045,100
FDK46_BABATUNJI010,100
FDK46_BABATUNJI018,100
FDK48_BABATUNJI017,100
FDK48_BABATUNJI027,100
FDK48_BABATUNJI045,100
FDK48_BABATUNJI046,100
FDK48_BABATUNJI049,100
FDK51_BABATUNJI010,100
FDK51_BABATUNJI013,100
FDK51_BABATUNJI027,100
FDK51_BABATUNJI035,100
FDK51_BABATUNJI046,100
FDK51_BABATUNJI049,100
FDK52_BABATUNJI010,100
FDK52_BABATUNJI013,100
FDK52_BABATUNJI018,100
FDK55_BABATUNJI017,100
FDK55_BABATUNJI018,100
FDK55_BABATUNJI019,100
FDK55_BABATUNJI035,100
FDK55_BABATUNJI045,100
FDK56_BABATUNJI010,100
FDK56_BABATUNJI013,100
FDK57_BABATUNJI027,100
FDK58_BABATUNJI018,100
FDK58_BABATUNJI019,100
FDK58_BABATUNJI027,100
FDK58_BABATUNJI035,100
FDK58_BABATUNJI045,100
FDK60_BABATUNJI018,100
FDK60_BABATUNJI035,100
FDL02_BABATUNJI019,100
FDL03_BABATUNJI013,100
FDL04_BABATUNJI017,100
FDL04_BABATUNJI027,100
FDL04_BABATUNJI035,100
FDL08_BABATUNJI013,100
FDL08_BABATUNJI046,100
FDL10_BABATUNJI017,100
FDL10_BABATUNJI018,100
FDL10_BABATUNJI027,100
FDL10_BABATUNJI035,100
FDL10_BABATUNJI045,100
FDL12_BABATUNJI019,100
FDL12_BABATUNJI027,100
FDL12_BABATUNJI035,100
FDL12_BABATUNJI046,100
FDL13_BABATUNJI010,100
FDL13_BABATUNJI013,100
FDL13_BABATUNJI018,100
FDL13_BABATUNJI049,100
FDL16_BABATUNJI017,100
FDL16_BABATUNJI018,100
FDL16_BABATUNJI019,100
FDL16_BABATUNJI049,100
FDL20_BABATUNJI017,100
FDL20_BABATUNJI027,100
FDL20_BABATUNJI035,100
FDL20_BABATUNJI045,100
FDL21_BABATUNJI019,100
FDL21_BABATUNJI035,100
FDL21_BABATUNJI045,100
FDL21_BABATUNJI046,100
FDL22_BABATUNJI017,100
FDL22_BABATUNJI027,100
FDL22_BABATUNJI035,100
FDL22_BABATUNJI045,100
FDL24_BABATUNJI013,100
FDL25_BABATUNJI017,100
FDL25_BABATUNJI018,100
FDL27_BABATUNJI018,100
FDL27_BABATUNJI045,100
FDL27_BABATUNJI046,100
FDL27_BABATUNJI049,100
FDL28_BABATUNJI013,100
FDL32_BABATUNJI017,100
FDL33_BABATUNJI010,100
FDL33_BABATUNJI013,100
FDL34_BABATUNJI027,100
FDL36_BABATUNJI017,100
FDL36_BABATUNJI018,100
FDL36_BABATUNJI019,100
FDL36_BABATUNJI027,100
FDL36_BABATUNJI045,100
FDL38_BABATUNJI018,100
FDL38_BABATUNJI019,100
FDL38_BABATUNJI027,100
FDL38_BABATUNJI035,100
FDL38_BABATUNJI045,100
FDL39_BABATUNJI013,100
FDL40_BABATUNJI018,100
FDL40_BABATUNJI019,100
FDL40_BABATUNJI027,100
FDL40_BABATUNJI035,100
FDL40_BABATUNJI045,100
FDL43_BABATUNJI017,100
FDL43_BABATUNJI027,100
FDL43_BABATUNJI035,100
FDL43_BABATUNJI046,100
FDL43_BABATUNJI049,100
FDL45_BABATUNJI027,100
FDL45_BABATUNJI035,100
FDL45_BABATUNJI045,100
FDL46_BABATUNJI027,100
FDL46_BABATUNJI035,100
FDL48_BABATUNJI017,100
FDL48_BABATUNJI027,100
FDL48_BABATUNJI035,100
FDL48_BABATUNJI046,100
FDL48_BABATUNJI049,100
FDL51_BABATUNJI013,100
FDL51_BABATUNJI046,100
FDL52_BABATUNJI017,100
FDL52_BABATUNJI018,100
FDL52_BABATUNJI019,100
FDL52_BABATUNJI027,100
FDL52_BABATUNJI046,100
FDL56_BABATUNJI018,100
FDL56_BABATUNJI019,100
FDL56_BABATUNJI027,100
FDL56_BABATUNJI035,100
FDL56_BABATUNJI045,100
FDL57_BABATUNJI013,100
FDL57_BABATUNJI018,100
FDL57_BABATUNJI049,100
FDL58_BABATUNJI010,100
FDL58_BABATUNJI013,100
FDL58_BABATUNJI018,100
FDL58_BABATUNJI035,100
FDL58_BABATUNJI045,100
FDL58_BABATUNJI046,100
FDL58_BABATUNJI049,100
FDM01_BABATUNJI017,100
FDM01_BABATUNJI018,100
FDM01_BABATUNJI027,100
FDM01_BABATUNJI035,100
FDM02_BABATUNJI017,100
FDM02_BABATUNJI018,100
FDM02_BABATUNJI035,100
FDM02_BABATUNJI046,100
FDM03_BABATUNJI017,100
FDM03_BABATUNJI027,100
FDM03_BABATUNJI035,100
FDM04_BABATUNJI017,100
FDM04_BABATUNJI018,100
FDM04_BABATUNJI035,100
FDM04_BABATUNJI046,100
FDM04_BABATUNJI049,100
FDM08_BABATUNJI010,100
FDM08_BABATUNJI013,100
FDM08_BABATUNJI046,100
FDM10_BABATUNJI013,100
FDM12_BABATUNJI010,100
FDM14_BABATUNJI027,100
FDM14_BABATUNJI035,100
FDM16_BABATUNJI018,100
FDM16_BABATUNJI046,100
FDM20_BABATUNJI013,100
FDM20_BABATUNJI018,100
FDM20_BABATUNJI046,100
FDM21_BABATUNJI049,100
FDM22_BABATUNJI019,100
FDM22_BABATUNJI027,100
FDM22_BABATUNJI035,100
FDM25_BABATUNJI013,100
FDM28_BABATUNJI010,100
FDM28_BABATUNJI013,100
FDM32_BABATUNJI018,100
FDM32_BABATUNJI046,100
FDM33_BABATUNJI013,100
FDM33_BABATUNJI018,100
FDM33_BABATUNJI046,100
FDM34_BABATUNJI027,100
FDM36_BABATUNJI013,100
FDM38_BABATUNJI046,100
FDM39_BABATUNJI010,100
FDM39_BABATUNJI013,100
FDM44_BABATUNJI017,100
FDM44_BABATUNJI019,100
FDM44_BABATUNJI045,100
FDM45_BABATUNJI035,100
FDM45_BABATUNJI045,100
FDM46_BABATUNJI027,100
FDM46_BABATUNJI035,100
FDM46_BABATUNJI045,100
FDM50_BABATUNJI018,100
FDM50_BABATUNJI027,100
FDM50_BABATUNJI035,100
FDM50_BABATUNJI045,100
FDM51_BABATUNJI017,100
FDM51_BABATUNJI035,100
FDM51_BABATUNJI045,100
FDM56_BABATUNJI017,100
FDM56_BABATUNJI019,100
FDM56_BABATUNJI027,100
FDM57_BABATUNJI017,100
FDM57_BABATUNJI035,100
FDM57_BABATUNJI045,100
FDM57_BABATUNJI046,100
FDM58_BABATUNJI017,100
FDM58_BABATUNJI027,100
FDM60_BABATUNJI017,100
FDM60_BABATUNJI018,100
FDM60_BABATUNJI046,100
FDM60_BABATUNJI049,100
FDN01_BABATUNJI010,100
FDN02_BABATUNJI013,100
FDN02_BABATUNJI046,100
FDN03_BABATUNJI010,100
FDN03_BABATUNJI046,100
FDN04_BABATUNJI013,100
FDN08_BABATUNJI027,100
FDN08_BABATUNJI045,100
FDN09_BABATUNJI010,100
FDN09_BABATUNJI013,100
FDN09_BABATUNJI018,100
FDN10_BABATUNJI027,100
FDN10_BABATUNJI035,100
FDN10_BABATUNJI045,100
FDN12_BABATUNJI027,100
FDN12_BABATUNJI045,100
FDN13_BABATUNJI017,100
FDN13_BABATUNJI019,100
FDN13_BABATUNJI045,100
FDN15_BABATUNJI027,100
FDN16_BABATUNJI017,100
FDN16_BABATUNJI045,100
FDN22_BABATUNJI013,100
FDN22_BABATUNJI018,100
FDN24_BABATUNJI017,100
FDN24_BABATUNJI019,100
FDN24_BABATUNJI027,100
FDN24_BABATUNJI045,100
FDN24_BABATUNJI046,100
FDN25_BABATUNJI018,100
FDN25_BABATUNJI019,100
FDN25_BABATUNJI035,100
FDN25_BABATUNJI049,100
FDN27_BABATUNJI027,100
FDN27_BABATUNJI035,100
FDN28_BABATUNJI017,100
FDN28_BABATUNJI018,100
FDN28_BABATUNJI035,100
FDN31_BABATUNJI013,100
FDN33_BABATUNJI027,100
FDN34_BABATUNJI013,100
FDN38_BABATUNJI013,100
FDN38_BABATUNJI018,100
FDN38_BABATUNJI046,100
FDN39_BABATUNJI013,100
FDN45_BABATUNJI046,100
FDN46_BABATUNJI017,100
FDN46_BABATUNJI035,100
FDN46_BABATUNJI045,100
FDN48_BABATUNJI018,100
FDN48_BABATUNJI019,100
FDN48_BABATUNJI027,100
FDN48_BABATUNJI035,100
FDN48_BABATUNJI045,100
FDN49_BABATUNJI018,100
FDN49_BABATUNJI035,100
FDN49_BABATUNJI046,100
FDN49_BABATUNJI049,100
FDN50_BABATUNJI018,100
FDN50_BABATUNJI027,100
FDN52_BABATUNJI027,100
FDN57_BABATUNJI027,100
FDN58_BABATUNJI013,100
FDN58_BABATUNJI018,100
FDN58_BABATUNJI046,100
FDN58_BABATUNJI049,100
FDO01_BABATUNJI027,100
FDO01_BABATUNJI045,100
FDO03_BABATUNJI018,100
FDO04_BABATUNJI017,100
FDO04_BABATUNJI018,100
FDO04_BABATUNJI027,100
FDO04_BABATUNJI046,100
FDO09_BABATUNJI013,100
FDO09_BABATUNJI045,100
FDO09_BABATUNJI046,100
FDO09_BABATUNJI049,100
FDO10_BABATUNJI017,100
FDO10_BABATUNJI019,100
FDO10_BABATUNJI027,100
FDO10_BABATUNJI035,100
FDO10_BABATUNJI045,100
FDO10_BABATUNJI046,100
FDO11_BABATUNJI010,100
FDO11_BABATUNJI046,100
FDO11_BABATUNJI049,100
FDO12_BABATUNJI013,100
FDO12_BABATUNJI046,100
FDO15_BABATUNJI017,100
FDO15_BABATUNJI018,100
FDO15_BABATUNJI019,100
FDO15_BABATUNJI027,100
FDO15_BABATUNJI035,100
FDO15_BABATUNJI049,100
FDO16_BABATUNJI018,100
FDO16_BABATUNJI045,100
FDO16_BABATUNJI046,100
FDO16_BABATUNJI049,100
FDO19_BABATUNJI017,100
FDO19_BABATUNJI018,100
FDO19_BABATUNJI027,100
FDO19_BABATUNJI035,100
FDO19_BABATUNJI045,100
FDO19_BABATUNJI046,100
FDO19_BABATUNJI049,100
FDO20_BABATUNJI013,100
FDO20_BABATUNJI018,100
FDO20_BABATUNJI046,100
FDO20_BABATUNJI049,100
FDO21_BABATUNJI013,100
FDO21_BABATUNJI018,100
FDO21_BABATUNJI046,100
FDO22_BABATUNJI017,100
FDO22_BABATUNJI018,100
FDO22_BABATUNJI035,100
FDO22_BABATUNJI045,100
FDO22_BABATUNJI049,100
FDO23_BABATUNJI017,100
FDO23_BABATUNJI018,100
FDO23_BABATUNJI019,100
FDO23_BABATUNJI027,100
FDO23_BABATUNJI035,100
FDO23_BABATUNJI045,100
FDO25_BABATUNJI010,100
FDO25_BABATUNJI046,100
FDO27_BABATUNJI018,100
FDO27_BABATUNJI027,100
FDO27_BABATUNJI045,100
FDO28_BABATUNJI027,100
FDO28_BABATUNJI035,100
FDO31_BABATUNJI017,100
FDO31_BABATUNJI018,100
FDO31_BABATUNJI027,100
FDO31_BABATUNJI046,100
FDO32_BABATUNJI017,100
FDO32_BABATUNJI018,100
FDO32_BABATUNJI027,100
FDO32_BABATUNJI035,100
FDO32_BABATUNJI045,100
FDO32_BABATUNJI046,100
FDO32_BABATUNJI049,100
FDO36_BABATUNJI013,100
FDO37_BABATUNJI010,100
FDO37_BABATUNJI013,100
FDO37_BABATUNJI018,100
FDO37_BABATUNJI049,100
FDO38_BABATUNJI017,100
FDO38_BABATUNJI018,100
FDO38_BABATUNJI027,100
FDO38_BABATUNJI045,100
FDO38_BABATUNJI049,100
FDO39_BABATUNJI013,100
FDO44_BABATUNJI027,100
FDO44_BABATUNJI035,100
FDO44_BABATUNJI045,100
FDO45_BABATUNJI017,100
FDO45_BABATUNJI018,100
FDO45_BABATUNJI027,100
FDO45_BABATUNJI045,100
FDO45_BABATUNJI046,100
FDO46_BABATUNJI013,100
FDO48_BABATUNJI013,100
FDO48_BABATUNJI018,100
FDO48_BABATUNJI046,100
FDO49_BABATUNJI019,100
FDO49_BABATUNJI027,100
FDO49_BABATUNJI046,100
FDO49_BABATUNJI049,100
FDO50_BABATUNJI017,100
FDO50_BABATUNJI018,100
FDO50_BABATUNJI027,100
FDO50_BABATUNJI046,100
FDO51_BABATUNJI018,100
FDO51_BABATUNJI027,100
FDO52_BABATUNJI013,100
FDO56_BABATUNJI035,100
FDO56_BABATUNJI045,100
FDO60_BABATUNJI017,100
FDO60_BABATUNJI018,100
FDO60_BABATUNJI027,100
FDO60_BABATUNJI035,100
FDO60_BABATUNJI046,100
FDP03_BABATUNJI035,100
FDP03_BABATUNJI045,100
FDP04_BABATUNJI018,100
FDP04_BABATUNJI027,100
FDP04_BABATUNJI045,100
FDP04_BABATUNJI046,100
FDP04_BABATUNJI049,100
FDP07_BABATUNJI013,100
FDP07_BABATUNJI046,100
FDP08_BABATUNJI013,100
FDP10_BABATUNJI017,100
FDP10_BABATUNJI027,100
FDP10_BABATUNJI035,100
FDP10_BABATUNJI045,100
FDP11_BABATUNJI010,100
FDP11_BABATUNJI013,100
FDP11_BABATUNJI046,100
FDP12_BABATUNJI017,100
FDP12_BABATUNJI035,100
FDP12_BABATUNJI045,100
FDP12_BABATUNJI046,100
FDP12_BABATUNJI049,100
FDP13_BABATUNJI018,100
FDP13_BABATUNJI019,100
FDP13_BABATUNJI027,100
FDP13_BABATUNJI049,100
FDP15_BABATUNJI010,100
FDP16_BABATUNJI010,100
FDP16_BABATUNJI018,100
FDP16_BABATUNJI046,100
FDP16_BABATUNJI049,100
FDP19_BABATUNJI045,100
FDP20_BABATUNJI045,100
FDP22_BABATUNJI017,100
FDP22_BABATUNJI018,100
FDP22_BABATUNJI027,100
FDP22_BABATUNJI035,100
FDP22_BABATUNJI045,100
FDP22_BABATUNJI049,100
FDP23_BABATUNJI013,100
FDP23_BABATUNJI018,100
FDP24_BABATUNJI027,100
FDP24_BABATUNJI045,100
FDP25_BABATUNJI010,100
FDP25_BABATUNJI018,100
FDP25_BABATUNJI046,100
FDP26_BABATUNJI017,100
FDP26_BABATUNJI018,100
FDP26_BABATUNJI019,100
FDP27_BABATUNJI010,100
FDP27_BABATUNJI013,100
FDP28_BABATUNJI010,100
FDP28_BABATUNJI013,100
FDP28_BABATUNJI018,100
FDP28_BABATUNJI045,100
FDP28_BABATUNJI046,100
FDP28_BABATUNJI049,100
FDP31_BABATUNJI017,100
FDP31_BABATUNJI018,100
FDP31_BABATUNJI027,100
FDP31_BABATUNJI035,100
FDP31_BABATUNJI046,100
FDP33_BABATUNJI013,100
FDP33_BABATUNJI018,100
FDP33_BABATUNJI046,100
FDP36_BABATUNJI017,100
FDP36_BABATUNJI018,100
FDP37_BABATUNJI045,100
FDP38_BABATUNJI017,100
FDP38_BABATUNJI027,100
FDP38_BABATUNJI049,100
FDP39_BABATUNJI017,100
FDP39_BABATUNJI018,100
FDP39_BABATUNJI019,100
FDP39_BABATUNJI027,100
FDP39_BABATUNJI045,100
FDP39_BABATUNJI049,100
FDP40_BABATUNJI019,100
FDP40_BABATUNJI035,100
FDP44_BABATUNJI035,100
FDP44_BABATUNJI045,100
FDP45_BABATUNJI046,100
FDP45_BABATUNJI049,100
FDP46_BABATUNJI019,100
FDP46_BABATUNJI035,100
FDP46_BABATUNJI046,100
FDP49_BABATUNJI018,100
FDP49_BABATUNJI019,100
FDP49_BABATUNJI027,100
FDP49_BABATUNJI045,100
FDP49_BABATUNJI046,100
FDP49_BABATUNJI049,100
FDP52_BABATUNJI018,100
FDP52_BABATUNJI046,100
FDP56_BABATUNJI017,100
FDP56_BABATUNJI018,100
FDP56_BABATUNJI027,100
FDP56_BABATUNJI045,100
FDP56_BABATUNJI049,100
FDP57_BABATUNJI017,100
FDP57_BABATUNJI035,100
FDP57_BABATUNJI045,100
FDP58_BABATUNJI018,100
FDP59_BABATUNJI027,100
FDP59_BABATUNJI045,100
FDP60_BABATUNJI017,100
FDP60_BABATUNJI027,100
FDP60_BABATUNJI035,100
FDP60_BABATUNJI045,100
FDQ01_BABATUNJI018,100
FDQ01_BABATUNJI049,100
FDQ03_BABATUNJI013,100
FDQ03_BABATUNJI049,100
FDQ04_BABATUNJI019,100
FDQ04_BABATUNJI049,100
FDQ07_BABATUNJI018,100
FDQ07_BABATUNJI046,100
FDQ08_BABATUNJI017,100
FDQ08_BABATUNJI019,100
FDQ08_BABATUNJI027,100
FDQ08_BABATUNJI035,100
FDQ08_BABATUNJI045,100
FDQ08_BABATUNJI046,100
FDQ09_BABATUNJI027,100
FDQ09_BABATUNJI035,100
FDQ09_BABATUNJI045,100
FDQ10_BABATUNJI013,100
FDQ11_BABATUNJI018,100
FDQ11_BABATUNJI046,100
FDQ12_BABATUNJI046,100
FDQ13_BABATUNJI019,100
FDQ13_BABATUNJI027,100
FDQ13_BABATUNJI035,100
FDQ13_BABATUNJI045,100
FDQ13_BABATUNJI049,100
FDQ15_BABATUNJI027,100
FDQ15_BABATUNJI035,100
FDQ15_BABATUNJI046,100
FDQ15_BABATUNJI049,100
FDQ16_BABATUNJI017,100
FDQ16_BABATUNJI035,100
FDQ16_BABATUNJI045,100
FDQ19_BABATUNJI010,100
FDQ19_BABATUNJI013,100
FDQ20_BABATUNJI017,100
FDQ20_BABATUNJI027,100
FDQ20_BABATUNJI035,100
FDQ20_BABATUNJI045,100
FDQ21_BABATUNJI045,100
FDQ22_BABATUNJI027,100
FDQ22_BABATUNJI045,100
FDQ22_BABATUNJI049,100
FDQ23_BABATUNJI017,100
FDQ23_BABATUNJI019,100
FDQ23_BABATUNJI027,100
FDQ23_BABATUNJI035,100
FDQ24_BABATUNJI013,100
FDQ24_BABATUNJI018,100
FDQ26_BABATUNJI017,100
FDQ26_BABATUNJI018,100
FDQ26_BABATUNJI027,100
FDQ26_BABATUNJI035,100
FDQ26_BABATUNJI045,100
FDQ26_BABATUNJI046,100
FDQ26_BABATUNJI049,100
FDQ27_BABATUNJI019,100
FDQ31_BABATUNJI018,100
FDQ31_BABATUNJI027,100
FDQ31_BABATUNJI035,100
FDQ31_BABATUNJI049,100
FDQ32_BABATUNJI027,100
FDQ32_BABATUNJI035,100
FDQ34_BABATUNJI017,100
FDQ34_BABATUNJI019,100
FDQ34_BABATUNJI035,100
FDQ34_BABATUNJI045,100
FDQ36_BABATUNJI017,100
FDQ36_BABATUNJI018,100
FDQ36_BABATUNJI019,100
FDQ36_BABATUNJI035,100
FDQ36_BABATUNJI045,100
FDQ36_BABATUNJI046,100
FDQ36_BABATUNJI049,100
FDQ37_BABATUNJI010,100
FDQ37_BABATUNJI013,100
FDQ39_BABATUNJI010,100
FDQ39_BABATUNJI013,100
FDQ40_BABATUNJI013,100
FDQ44_BABATUNJI035,100
FDQ45_BABATUNJI010,100
FDQ45_BABATUNJI013,100
FDQ46_BABATUNJI035,100
FDQ46_BABATUNJI045,100
FDQ47_BABATUNJI017,100
FDQ47_BABATUNJI018,100
FDQ47_BABATUNJI035,100
FDQ47_BABATUNJI045,100
FDQ48_BABATUNJI017,100
FDQ48_BABATUNJI018,100
FDQ48_BABATUNJI027,100
FDQ48_BABATUNJI035,100
FDQ51_BABATUNJI017,100
FDQ51_BABATUNJI027,100
FDQ51_BABATUNJI035,100
FDQ52_BABATUNJI013,100
FDQ52_BABATUNJI018,100
FDQ52_BABATUNJI049,100
FDQ55_BABATUNJI027,100
FDQ55_BABATUNJI035,100
FDQ55_BABATUNJI045,100
FDQ56_BABATUNJI018,100
FDQ56_BABATUNJI027,100
FDQ56_BABATUNJI035,100
FDQ56_BABATUNJI046,100
FDQ56_BABATUNJI049,100
FDQ59_BABATUNJI027,100
FDQ59_BABATUNJI035,100
FDQ59_BABATUNJI045,100
FDQ59_BABATUNJI046,100
FDR01_BABATUNJI013,100
FDR02_BABATUNJI045,100
FDR04_BABATUNJI017,100
FDR04_BABATUNJI018,100
FDR04_BABATUNJI027,100
FDR04_BABATUNJI045,100
FDR07_BABATUNJI018,100
FDR07_BABATUNJI019,100
FDR07_BABATUNJI027,100
FDR08_BABATUNJI017,100
FDR08_BABATUNJI035,100
FDR08_BABATUNJI045,100
FDR09_BABATUNJI010,100
FDR09_BABATUNJI013,100
FDR09_BABATUNJI018,100
FDR09_BABATUNJI049,100
FDR12_BABATUNJI013,100
FDR14_BABATUNJI017,100
FDR14_BABATUNJI019,100
FDR14_BABATUNJI027,100
FDR14_BABATUNJI046,100
FDR20_BABATUNJI017,100
FDR20_BABATUNJI018,100
FDR20_BABATUNJI035,100
FDR20_BABATUNJI045,100
FDR20_BABATUNJI049,100
FDR21_BABATUNJI013,100
FDR22_BABATUNJI027,100
FDR22_BABATUNJI045,100
FDR23_BABATUNJI013,100
FDR24_BABATUNJI017,100
FDR24_BABATUNJI027,100
FDR24_BABATUNJI035,100
FDR24_BABATUNJI045,100
FDR25_BABATUNJI018,100
FDR25_BABATUNJI027,100
FDR25_BABATUNJI045,100
FDR25_BABATUNJI046,100
FDR26_BABATUNJI010,100
FDR26_BABATUNJI013,100
FDR27_BABATUNJI027,100
FDR32_BABATUNJI013,100
FDR32_BABATUNJI046,100
FDR33_BABATUNJI017,100
FDR33_BABATUNJI019,100
FDR33_BABATUNJI035,100
FDR33_BABATUNJI045,100
FDR34_BABATUNJI018,100
FDR34_BABATUNJI046,100
FDR34_BABATUNJI049,100
FDR35_BABATUNJI013,100
FDR35_BABATUNJI046,100
FDR36_BABATUNJI017,100
FDR36_BABATUNJI035,100
FDR36_BABATUNJI045,100
FDR37_BABATUNJI010,100
FDR37_BABATUNJI013,100
FDR40_BABATUNJI027,100
FDR40_BABATUNJI049,100
FDR43_BABATUNJI018,100
FDR43_BABATUNJI027,100
FDR43_BABATUNJI035,100
FDR43_BABATUNJI045,100
FDR43_BABATUNJI046,100
FDR43_BABATUNJI049,100
FDR44_BABATUNJI027,100
FDR45_BABATUNJI049,100
FDR47_BABATUNJI010,100
FDR49_BABATUNJI018,100
FDR49_BABATUNJI035,100
FDR49_BABATUNJI046,100
FDR52_BABATUNJI010,100
FDR52_BABATUNJI013,100
FDR55_BABATUNJI013,100
FDR58_BABATUNJI018,100
FDR58_BABATUNJI027,100
FDR58_BABATUNJI035,100
FDR58_BABATUNJI045,100
FDR59_BABATUNJI010,100
FDR59_BABATUNJI013,100
FDR59_BABATUNJI027,100
FDR59_BABATUNJI035,100
FDR59_BABATUNJI046,100
FDR59_BABATUNJI049,100
FDR60_BABATUNJI017,100
FDR60_BABATUNJI018,100
FDR60_BABATUNJI027,100
FDR60_BABATUNJI035,100
FDR60_BABATUNJI046,100
FDS02_BABATUNJI046,100
FDS03_BABATUNJI018,100
FDS03_BABATUNJI019,100
FDS03_BABATUNJI027,100
FDS03_BABATUNJI035,100
FDS03_BABATUNJI046,100
FDS09_BABATUNJI017,100
FDS09_BABATUNJI019,100
FDS09_BABATUNJI027,100
FDS09_BABATUNJI045,100
FDS10_BABATUNJI010,100
FDS11_BABATUNJI046,100
FDS12_BABATUNJI035,100
FDS13_BABATUNJI010,100
FDS13_BABATUNJI013,100
FDS13_BABATUNJI018,100
FDS13_BABATUNJI019,100
FDS13_BABATUNJI045,100
FDS13_BABATUNJI046,100
FDS15_BABATUNJI017,100
FDS15_BABATUNJI045,100
FDS19_BABATUNJI017,100
FDS19_BABATUNJI035,100
FDS19_BABATUNJI045,100
FDS19_BABATUNJI046,100
FDS19_BABATUNJI049,100
FDS20_BABATUNJI013,100
FDS21_BABATUNJI018,100
FDS21_BABATUNJI019,100
FDS21_BABATUNJI049,100
FDS22_BABATUNJI045,100
FDS22_BABATUNJI046,100
FDS23_BABATUNJI045,100
FDS24_BABATUNJI018,100
FDS24_BABATUNJI035,100
FDS24_BABATUNJI045,100
FDS24_BABATUNJI046,100
FDS24_BABATUNJI049,100
FDS25_BABATUNJI017,100
FDS25_BABATUNJI027,100
FDS25_BABATUNJI045,100
FDS26_BABATUNJI010,100
FDS26_BABATUNJI013,100
FDS26_BABATUNJI049,100
FDS27_BABATUNJI013,100
FDS27_BABATUNJI046,100
FDS28_BABATUNJI017,100
FDS28_BABATUNJI018,100
FDS28_BABATUNJI027,100
FDS28_BABATUNJI035,100
FDS28_BABATUNJI045,100
FDS28_BABATUNJI049,100
FDS31_BABATUNJI013,100
FDS32_BABATUNJI027,100
FDS33_BABATUNJI017,100
FDS33_BABATUNJI018,100
FDS33_BABATUNJI019,100
FDS33_BABATUNJI027,100
FDS33_BABATUNJI045,100
FDS33_BABATUNJI046,100
FDS34_BABATUNJI027,100
FDS34_BABATUNJI035,100
FDS34_BABATUNJI045,100
FDS35_BABATUNJI017,100
FDS35_BABATUNJI018,100
FDS35_BABATUNJI027,100
FDS35_BABATUNJI045,100
FDS35_BABATUNJI046,100
FDS36_BABATUNJI017,100
FDS36_BABATUNJI035,100
FDS36_BABATUNJI045,100
FDS37_BABATUNJI035,100
FDS37_BABATUNJI045,100
FDS40_BABATUNJI017,100
FDS40_BABATUNJI019,100
FDS40_BABATUNJI027,100
FDS40_BABATUNJI045,100
FDS40_BABATUNJI049,100
FDS44_BABATUNJI018,100
FDS44_BABATUNJI046,100
FDS44_BABATUNJI049,100
FDS45_BABATUNJI017,100
FDS45_BABATUNJI019,100
FDS45_BABATUNJI035,100
FDS45_BABATUNJI045,100
FDS47_BABATUNJI017,100
FDS47_BABATUNJI027,100
FDS47_BABATUNJI035,100
FDS47_BABATUNJI045,100
FDS47_BABATUNJI046,100
FDS47_BABATUNJI049,100
FDS49_BABATUNJI017,100
FDS49_BABATUNJI018,100
FDS49_BABATUNJI035,100
FDS49_BABATUNJI045,100
FDS50_BABATUNJI046,100
FDS51_BABATUNJI027,100
FDS51_BABATUNJI046,100
FDS51_BABATUNJI049,100
FDS52_BABATUNJI017,100
FDS52_BABATUNJI018,100
FDS52_BABATUNJI019,100
FDS52_BABATUNJI027,100
FDS52_BABATUNJI035,100
FDS52_BABATUNJI045,100
FDS56_BABATUNJI010,100
FDS56_BABATUNJI013,100
FDS56_BABATUNJI035,100
FDS56_BABATUNJI046,100
FDS56_BABATUNJI049,100
FDS57_BABATUNJI027,100
FDS59_BABATUNJI027,100
FDS59_BABATUNJI035,100
FDS59_BABATUNJI045,100
FDS60_BABATUNJI013,100
FDT01_BABATUNJI046,100
FDT02_BABATUNJI017,100
FDT02_BABATUNJI018,100
FDT02_BABATUNJI035,100
FDT02_BABATUNJI046,100
FDT03_BABATUNJI010,100
FDT04_BABATUNJI017,100
FDT04_BABATUNJI018,100
FDT04_BABATUNJI035,100
FDT04_BABATUNJI045,100
FDT07_BABATUNJI013,100
FDT07_BABATUNJI018,100
FDT07_BABATUNJI046,100
FDT07_BABATUNJI049,100
FDT09_BABATUNJI027,100
FDT10_BABATUNJI017,100
FDT10_BABATUNJI018,100
FDT10_BABATUNJI045,100
FDT10_BABATUNJI046,100
FDT11_BABATUNJI010,100
FDT12_BABATUNJI010,100
FDT12_BABATUNJI013,100
FDT12_BABATUNJI018,100
FDT12_BABATUNJI046,100
FDT13_BABATUNJI010,100
FDT14_BABATUNJI027,100
FDT14_BABATUNJI035,100
FDT15_BABATUNJI010,100
FDT16_BABATUNJI018,100
FDT16_BABATUNJI046,100
FDT16_BABATUNJI049,100
FDT19_BABATUNJI013,100
FDT20_BABATUNJI027,100
FDT20_BABATUNJI035,100
FDT20_BABATUNJI045,100
FDT20_BABATUNJI046,100
FDT20_BABATUNJI049,100
FDT21_BABATUNJI013,100
FDT21_BABATUNJI018,100
FDT21_BABATUNJI046,100
FDT21_BABATUNJI049,100
FDT22_BABATUNJI018,100
FDT22_BABATUNJI027,100
FDT22_BABATUNJI035,100
FDT22_BABATUNJI045,100
FDT22_BABATUNJI049,100
FDT23_BABATUNJI018,100
FDT23_BABATUNJI045,100
FDT23_BABATUNJI046,100
FDT23_BABATUNJI049,100
FDT24_BABATUNJI018,100
FDT24_BABATUNJI027,100
FDT24_BABATUNJI035,100
FDT24_BABATUNJI045,100
FDT24_BABATUNJI046,100
FDT24_BABATUNJI049,100
FDT25_BABATUNJI035,100
FDT25_BABATUNJI045,100
FDT26_BABATUNJI027,100
FDT26_BABATUNJI035,100
FDT26_BABATUNJI045,100
FDT27_BABATUNJI013,100
FDT27_BABATUNJI046,100
FDT31_BABATUNJI013,100
FDT32_BABATUNJI010,100
FDT34_BABATUNJI017,100
FDT34_BABATUNJI035,100
FDT34_BABATUNJI045,100
FDT36_BABATUNJI018,100
FDT36_BABATUNJI027,100
FDT36_BABATUNJI045,100
FDT36_BABATUNJI046,100
FDT37_BABATUNJI013,100
FDT38_BABATUNJI018,100
FDT38_BABATUNJI045,100
FDT38_BABATUNJI049,100
FDT40_BABATUNJI027,100
FDT40_BABATUNJI035,100
FDT40_BABATUNJI045,100
FDT43_BABATUNJI017,100
FDT43_BABATUNJI018,100
FDT43_BABATUNJI035,100
FDT43_BABATUNJI045,100
FDT43_BABATUNJI046,100
FDT43_BABATUNJI049,100
FDT44_BABATUNJI045,100
FDT45_BABATUNJI018,100
FDT45_BABATUNJI035,100
FDT45_BABATUNJI046,100
FDT46_BABATUNJI017,100
FDT46_BABATUNJI018,100
FDT46_BABATUNJI019,100
FDT46_BABATUNJI027,100
FDT46_BABATUNJI035,100
FDT46_BABATUNJI045,100
FDT47_BABATUNJI027,100
FDT47_BABATUNJI045,100
FDT48_BABATUNJI013,100
FDT48_BABATUNJI046,100
FDT49_BABATUNJI017,100
FDT49_BABATUNJI027,100
FDT49_BABATUNJI035,100
FDT49_BABATUNJI045,100
FDT50_BABATUNJI018,100
FDT50_BABATUNJI027,100
FDT50_BABATUNJI035,100
FDT50_BABATUNJI045,100
FDT51_BABATUNJI019,100
FDT52_BABATUNJI018,100
FDT52_BABATUNJI046,100
FDT52_BABATUNJI049,100
FDT56_BABATUNJI018,100
FDT56_BABATUNJI027,100
FDT56_BABATUNJI035,100
FDT56_BABATUNJI045,100
FDT57_BABATUNJI010,100
FDT57_BABATUNJI013,100
FDT57_BABATUNJI049,100
FDT59_BABATUNJI018,100
FDT59_BABATUNJI049,100
FDT60_BABATUNJI045,100
FDU02_BABATUNJI013,100
FDU02_BABATUNJI046,100
FDU02_BABATUNJI049,100
FDU04_BABATUNJI035,100
FDU08_BABATUNJI018,100
FDU08_BABATUNJI027,100
FDU08_BABATUNJI035,100
FDU09_BABATUNJI027,100
FDU09_BABATUNJI049,100
FDU10_BABATUNJI017,100
FDU10_BABATUNJI018,100
FDU10_BABATUNJI049,100
FDU11_BABATUNJI027,100
FDU11_BABATUNJI035,100
FDU11_BABATUNJI045,100
FDU12_BABATUNJI010,100
FDU12_BABATUNJI013,100
FDU12_BABATUNJI018,100
FDU12_BABATUNJI027,100
FDU12_BABATUNJI035,100
FDU12_BABATUNJI045,100
FDU12_BABATUNJI046,100
FDU12_BABATUNJI049,100
FDU14_BABATUNJI010,100
FDU14_BABATUNJI046,100
FDU15_BABATUNJI017,100
FDU15_BABATUNJI045,100
FDU15_BABATUNJI046,100
FDU15_BABATUNJI049,100
FDU16_BABATUNJI045,100
FDU16_BABATUNJI049,100
FDU19_BABATUNJI013,100
FDU20_BABATUNJI027,100
FDU20_BABATUNJI035,100
FDU20_BABATUNJI045,100
FDU21_BABATUNJI017,100
FDU21_BABATUNJI019,100
FDU21_BABATUNJI027,100
FDU21_BABATUNJI035,100
FDU21_BABATUNJI045,100
FDU21_BABATUNJI049,100
FDU22_BABATUNJI035,100
FDU24_BABATUNJI017,100
FDU24_BABATUNJI019,100
FDU24_BABATUNJI027,100
FDU25_BABATUNJI017,100
FDU25_BABATUNJI018,100
FDU25_BABATUNJI027,100
FDU25_BABATUNJI035,100
FDU25_BABATUNJI045,100
FDU25_BABATUNJI046,100
FDU25_BABATUNJI049,100
FDU26_BABATUNJI027,100
FDU26_BABATUNJI035,100
FDU27_BABATUNJI017,100
FDU27_BABATUNJI027,100
FDU27_BABATUNJI049,100
FDU31_BABATUNJI046,100
FDU32_BABATUNJI027,100
FDU32_BABATUNJI035,100
FDU33_BABATUNJI018,100
FDU33_BABATUNJI019,100
FDU33_BABATUNJI027,100
FDU33_BABATUNJI035,100
FDU33_BABATUNJI049,100
FDU34_BABATUNJI027,100
FDU34_BABATUNJI045,100
FDU35_BABATUNJI027,100
FDU35_BABATUNJI045,100
FDU36_BABATUNJI018,100
FDU36_BABATUNJI019,100
FDU36_BABATUNJI027,100
FDU36_BABATUNJI035,100
FDU37_BABATUNJI018,100
FDU37_BABATUNJI027,100
FDU37_BABATUNJI035,100
FDU37_BABATUNJI046,100
FDU38_BABATUNJI010,100
FDU38_BABATUNJI013,100
FDU39_BABATUNJI017,100
FDU39_BABATUNJI018,100
FDU39_BABATUNJI027,100
FDU39_BABATUNJI035,100
FDU39_BABATUNJI045,100
FDU39_BABATUNJI046,100
FDU40_BABATUNJI010,100
FDU40_BABATUNJI013,100
FDU43_BABATUNJI013,100
FDU45_BABATUNJI027,100
FDU46_BABATUNJI017,100
FDU46_BABATUNJI027,100
FDU46_BABATUNJI045,100
FDU46_BABATUNJI046,100
FDU46_BABATUNJI049,100
FDU49_BABATUNJI018,100
FDU49_BABATUNJI035,100
FDU49_BABATUNJI045,100
FDU49_BABATUNJI049,100
FDU50_BABATUNJI027,100
FDU50_BABATUNJI045,100
FDU51_BABATUNJI013,100
FDU55_BABATUNJI018,100
FDU55_BABATUNJI049,100
FDU56_BABATUNJI013,100
FDU58_BABATUNJI010,100
FDV02_BABATUNJI013,100
FDV07_BABATUNJI017,100
FDV07_BABATUNJI027,100
FDV07_BABATUNJI045,100
FDV08_BABATUNJI018,100
FDV08_BABATUNJI027,100
FDV08_BABATUNJI045,100
FDV10_BABATUNJI017,100
FDV10_BABATUNJI019,100
FDV10_BABATUNJI035,100
FDV10_BABATUNJI045,100
FDV10_BABATUNJI046,100
FDV12_BABATUNJI017,100
FDV12_BABATUNJI018,100
FDV12_BABATUNJI035,100
FDV13_BABATUNJI018,100
FDV13_BABATUNJI027,100
FDV13_BABATUNJI049,100
FDV14_BABATUNJI035,100
FDV14_BABATUNJI049,100
FDV15_BABATUNJI017,100
FDV15_BABATUNJI018,100
FDV15_BABATUNJI019,100
FDV15_BABATUNJI027,100
FDV16_BABATUNJI017,100
FDV16_BABATUNJI018,100
FDV16_BABATUNJI019,100
FDV16_BABATUNJI035,100
FDV16_BABATUNJI046,100
FDV16_BABATUNJI049,100
FDV20_BABATUNJI027,100
FDV21_BABATUNJI027,100
FDV23_BABATUNJI027,100
FDV23_BABATUNJI035,100
FDV23_BABATUNJI045,100
FDV25_BABATUNJI013,100
FDV25_BABATUNJI018,100
FDV26_BABATUNJI013,100
FDV26_BABATUNJI046,100
FDV27_BABATUNJI017,100
FDV27_BABATUNJI019,100
FDV27_BABATUNJI045,100
FDV28_BABATUNJI017,100
FDV28_BABATUNJI018,100
FDV28_BABATUNJI027,100
FDV28_BABATUNJI035,100
FDV28_BABATUNJI046,100
FDV31_BABATUNJI010,100
FDV32_BABATUNJI017,100
FDV32_BABATUNJI018,100
FDV32_BABATUNJI019,100
FDV32_BABATUNJI035,100
FDV32_BABATUNJI045,100
FDV32_BABATUNJI049,100
FDV33_BABATUNJI018,100
FDV33_BABATUNJI046,100
FDV33_BABATUNJI049,100
FDV34_BABATUNJI018,100
FDV34_BABATUNJI045,100
FDV34_BABATUNJI049,100
FDV36_BABATUNJI027,100
FDV36_BABATUNJI045,100
FDV37_BABATUNJI010,100
FDV37_BABATUNJI013,100
FDV38_BABATUNJI017,100
FDV38_BABATUNJI018,100
FDV38_BABATUNJI019,100
FDV38_BABATUNJI027,100
FDV38_BABATUNJI035,100
FDV38_BABATUNJI045,100
FDV38_BABATUNJI049,100
FDV39_BABATUNJI013,100
FDV39_BABATUNJI046,100
FDV40_BABATUNJI017,100
FDV40_BABATUNJI035,100
FDV40_BABATUNJI045,100
FDV40_BABATUNJI046,100
FDV43_BABATUNJI017,100
FDV43_BABATUNJI027,100
FDV43_BABATUNJI049,100
FDV44_BABATUNJI013,100
FDV45_BABATUNJI013,100
FDV47_BABATUNJI017,100
FDV47_BABATUNJI018,100
FDV47_BABATUNJI019,100
FDV47_BABATUNJI035,100
FDV47_BABATUNJI049,100
FDV48_BABATUNJI017,100
FDV48_BABATUNJI018,100
FDV48_BABATUNJI027,100
FDV48_BABATUNJI049,100
FDV49_BABATUNJI018,100
FDV49_BABATUNJI027,100
FDV49_BABATUNJI035,100
FDV49_BABATUNJI045,100
FDV49_BABATUNJI046,100
FDV49_BABATUNJI049,100
FDV52_BABATUNJI045,100
FDV56_BABATUNJI027,100
FDV56_BABATUNJI045,100
FDV57_BABATUNJI013,100
FDV59_BABATUNJI010,100
FDV59_BABATUNJI018,100
FDV59_BABATUNJI046,100
FDV60_BABATUNJI010,100
FDV60_BABATUNJI013,100
FDW02_BABATUNJI027,100
FDW02_BABATUNJI045,100
FDW03_BABATUNJI035,100
FDW04_BABATUNJI027,100
FDW07_BABATUNJI017,100
FDW07_BABATUNJI027,100
FDW07_BABATUNJI045,100
FDW07_BABATUNJI046,100
FDW08_BABATUNJI027,100
FDW09_BABATUNJI017,100
FDW09_BABATUNJI027,100
FDW09_BABATUNJI045,100
FDW09_BABATUNJI046,100
FDW09_BABATUNJI049,100
FDW11_BABATUNJI017,100
FDW11_BABATUNJI018,100
FDW11_BABATUNJI027,100
FDW11_BABATUNJI049,100
FDW13_BABATUNJI017,100
FDW13_BABATUNJI018,100
FDW13_BABATUNJI019,100
FDW13_BABATUNJI027,100
FDW13_BABATUNJI035,100
FDW13_BABATUNJI045,100
FDW13_BABATUNJI046,100
FDW13_BABATUNJI049,100
FDW14_BABATUNJI018,100
FDW14_BABATUNJI035,100
FDW14_BABATUNJI046,100
FDW16_BABATUNJI027,100
FDW19_BABATUNJI017,100
FDW19_BABATUNJI027,100
FDW19_BABATUNJI045,100
FDW20_BABATUNJI027,100
FDW20_BABATUNJI035,100
FDW21_BABATUNJI017,100
FDW21_BABATUNJI027,100
FDW21_BABATUNJI035,100
FDW22_BABATUNJI018,100
FDW23_BABATUNJI019,100
FDW23_BABATUNJI035,100
FDW23_BABATUNJI045,100
FDW23_BABATUNJI046,100
FDW23_BABATUNJI049,100
FDW24_BABATUNJI019,100
FDW24_BABATUNJI027,100
FDW24_BABATUNJI035,100
FDW24_BABATUNJI045,100
FDW24_BABATUNJI046,100
FDW24_BABATUNJI049,100
FDW25_BABATUNJI027,100
FDW25_BABATUNJI035,100
FDW25_BABATUNJI046,100
FDW25_BABATUNJI049,100
FDW26_BABATUNJI010,100
FDW26_BABATUNJI013,100
FDW26_BABATUNJI046,100
FDW28_BABATUNJI010,100
FDW28_BABATUNJI013,100
FDW28_BABATUNJI046,100
FDW31_BABATUNJI013,100
FDW32_BABATUNJI018,100
FDW32_BABATUNJI019,100
FDW32_BABATUNJI035,100
FDW32_BABATUNJI045,100
FDW32_BABATUNJI046,100
FDW33_BABATUNJI017,100
FDW33_BABATUNJI035,100
FDW34_BABATUNJI013,100
FDW34_BABATUNJI046,100
FDW35_BABATUNJI017,100
FDW35_BABATUNJI018,100
FDW35_BABATUNJI019,100
FDW35_BABATUNJI035,100
FDW35_BABATUNJI045,100
FDW35_BABATUNJI049,100
FDW36_BABATUNJI019,100
FDW36_BABATUNJI027,100
FDW36_BABATUNJI035,100
FDW37_BABATUNJI017,100
FDW37_BABATUNJI027,100
FDW37_BABATUNJI045,100
FDW38_BABATUNJI017,100
FDW38_BABATUNJI018,100
FDW38_BABATUNJI019,100
FDW38_BABATUNJI027,100
FDW38_BABATUNJI035,100
FDW38_BABATUNJI046,100
FDW43_BABATUNJI013,100
FDW43_BABATUNJI046,100
FDW44_BABATUNJI013,100
FDW46_BABATUNJI017,100
FDW46_BABATUNJI018,100
FDW46_BABATUNJI019,100
FDW46_BABATUNJI035,100
FDW46_BABATUNJI045,100
FDW47_BABATUNJI045,100
FDW48_BABATUNJI017,100
FDW48_BABATUNJI018,100
FDW48_BABATUNJI019,100
FDW48_BABATUNJI027,100
FDW48_BABATUNJI035,100
FDW48_BABATUNJI045,100
FDW48_BABATUNJI049,100
FDW49_BABATUNJI013,100
FDW51_BABATUNJI010,100
FDW51_BABATUNJI046,100
FDW55_BABATUNJI010,100
FDW55_BABATUNJI013,100
FDW55_BABATUNJI046,100
FDW56_BABATUNJI010,100
FDW58_BABATUNJI035,100
FDW59_BABATUNJI017,100
FDW59_BABATUNJI019,100
FDW59_BABATUNJI035,100
FDW59_BABATUNJI045,100
FDW59_BABATUNJI046,100
FDW60_BABATUNJI013,100
FDX01_BABATUNJI027,100
FDX01_BABATUNJI035,100
FDX01_BABATUNJI045,100
FDX02_BABATUNJI013,100
FDX02_BABATUNJI018,100
FDX02_BABATUNJI046,100
FDX03_BABATUNJI019,100
FDX03_BABATUNJI027,100
FDX03_BABATUNJI045,100
FDX03_BABATUNJI049,100
FDX04_BABATUNJI017,100
FDX04_BABATUNJI018,100
FDX04_BABATUNJI019,100
FDX04_BABATUNJI027,100
FDX04_BABATUNJI035,100
FDX04_BABATUNJI045,100
FDX04_BABATUNJI046,100
FDX04_BABATUNJI049,100
FDX07_BABATUNJI010,100
FDX09_BABATUNJI013,100
FDX10_BABATUNJI017,100
FDX10_BABATUNJI027,100
FDX10_BABATUNJI045,100
FDX10_BABATUNJI046,100
FDX11_BABATUNJI013,100
FDX12_BABATUNJI010,100
FDX12_BABATUNJI046,100
FDX13_BABATUNJI013,100
FDX13_BABATUNJI018,100
FDX13_BABATUNJI046,100
FDX14_BABATUNJI017,100
FDX14_BABATUNJI019,100
FDX14_BABATUNJI046,100
FDX14_BABATUNJI049,100
FDX19_BABATUNJI013,100
FDX19_BABATUNJI018,100
FDX19_BABATUNJI046,100
FDX19_BABATUNJI049,100
FDX20_BABATUNJI013,100
FDX20_BABATUNJI018,100
FDX20_BABATUNJI046,100
FDX21_BABATUNJI019,100
FDX21_BABATUNJI027,100
FDX21_BABATUNJI035,100
FDX21_BABATUNJI045,100
FDX22_BABATUNJI046,100
FDX23_BABATUNJI017,100
FDX23_BABATUNJI018,100
FDX23_BABATUNJI035,100
FDX24_BABATUNJI019,100
FDX24_BABATUNJI027,100
FDX24_BABATUNJI035,100
FDX24_BABATUNJI045,100
FDX26_BABATUNJI010,100
FDX26_BABATUNJI013,100
FDX27_BABATUNJI018,100
FDX28_BABATUNJI018,100
FDX28_BABATUNJI027,100
FDX28_BABATUNJI035,100
FDX31_BABATUNJI010,100
FDX31_BABATUNJI013,100
FDX31_BABATUNJI018,100
FDX31_BABATUNJI046,100
FDX34_BABATUNJI027,100
FDX34_BABATUNJI035,100
FDX34_BABATUNJI045,100
FDX35_BABATUNJI013,100
FDX35_BABATUNJI046,100
FDX36_BABATUNJI013,100
FDX36_BABATUNJI018,100
FDX36_BABATUNJI046,100
FDX37_BABATUNJI017,100
FDX37_BABATUNJI027,100
FDX37_BABATUNJI035,100
FDX38_BABATUNJI018,100
FDX38_BABATUNJI019,100
FDX38_BABATUNJI046,100
FDX39_BABATUNJI010,100
FDX39_BABATUNJI013,100
FDX39_BABATUNJI046,100
FDX40_BABATUNJI017,100
FDX40_BABATUNJI019,100
FDX40_BABATUNJI035,100
FDX40_BABATUNJI045,100
FDX40_BABATUNJI046,100
FDX44_BABATUNJI017,100
FDX44_BABATUNJI018,100
FDX44_BABATUNJI027,100
FDX44_BABATUNJI035,100
FDX44_BABATUNJI049,100
FDX46_BABATUNJI027,100
FDX46_BABATUNJI035,100
FDX46_BABATUNJI045,100
FDX46_BABATUNJI046,100
FDX46_BABATUNJI049,100
FDX49_BABATUNJI013,100
FDX50_BABATUNJI017,100
FDX50_BABATUNJI027,100
FDX50_BABATUNJI035,100
FDX50_BABATUNJI045,100
FDX51_BABATUNJI010,100
FDX51_BABATUNJI046,100
FDX55_BABATUNJI046,100
FDX56_BABATUNJI013,100
FDX56_BABATUNJI046,100
FDX57_BABATUNJI017,100
FDX57_BABATUNJI018,100
FDX57_BABATUNJI027,100
FDX58_BABATUNJI010,100
FDX58_BABATUNJI013,100
FDX59_BABATUNJI018,100
FDX59_BABATUNJI027,100
FDX59_BABATUNJI045,100
FDX59_BABATUNJI046,100
FDX60_BABATUNJI017,100
FDX60_BABATUNJI018,100
FDX60_BABATUNJI027,100
FDX60_BABATUNJI045,100
FDX60_BABATUNJI046,100
FDY01_BABATUNJI035,100
FDY02_BABATUNJI010,100
FDY02_BABATUNJI018,100
FDY02_BABATUNJI027,100
FDY02_BABATUNJI035,100
FDY02_BABATUNJI045,100
FDY03_BABATUNJI017,100
FDY03_BABATUNJI027,100
FDY03_BABATUNJI045,100
FDY07_BABATUNJI017,100
FDY07_BABATUNJI018,100
FDY07_BABATUNJI027,100
FDY07_BABATUNJI045,100
FDY07_BABATUNJI049,100
FDY08_BABATUNJI027,100
FDY10_BABATUNJI027,100
FDY10_BABATUNJI045,100
FDY11_BABATUNJI017,100
FDY11_BABATUNJI018,100
FDY11_BABATUNJI046,100
FDY11_BABATUNJI049,100
FDY12_BABATUNJI017,100
FDY12_BABATUNJI018,100
FDY12_BABATUNJI046,100
FDY13_BABATUNJI017,100
FDY13_BABATUNJI018,100
FDY13_BABATUNJI019,100
FDY13_BABATUNJI035,100
FDY13_BABATUNJI045,100
FDY13_BABATUNJI049,100
FDY14_BABATUNJI013,100
FDY14_BABATUNJI035,100
FDY14_BABATUNJI046,100
FDY14_BABATUNJI049,100
FDY16_BABATUNJI013,100
FDY19_BABATUNJI045,100
FDY20_BABATUNJI017,100
FDY20_BABATUNJI018,100
FDY20_BABATUNJI046,100
FDY21_BABATUNJI010,100
FDY21_BABATUNJI013,100
FDY21_BABATUNJI046,100
FDY24_BABATUNJI018,100
FDY24_BABATUNJI035,100
FDY24_BABATUNJI049,100
FDY25_BABATUNJI013,100
FDY26_BABATUNJI010,100
FDY26_BABATUNJI046,100
FDY27_BABATUNJI013,100
FDY28_BABATUNJI013,100
FDY35_BABATUNJI018,100
FDY35_BABATUNJI019,100
FDY35_BABATUNJI027,100
FDY35_BABATUNJI035,100
FDY35_BABATUNJI045,100
FDY35_BABATUNJI049,100
FDY36_BABATUNJI017,100
FDY36_BABATUNJI019,100
FDY36_BABATUNJI027,100
FDY36_BABATUNJI045,100
FDY36_BABATUNJI046,100
FDY36_BABATUNJI049,100
FDY38_BABATUNJI013,100
FDY38_BABATUNJI049,100
FDY39_BABATUNJI010,100
FDY40_BABATUNJI017,100
FDY40_BABATUNJI018,100
FDY40_BABATUNJI019,100
FDY40_BABATUNJI046,100
FDY44_BABATUNJI046,100
FDY45_BABATUNJI018,100
FDY45_BABATUNJI049,100
FDY47_BABATUNJI027,100
FDY48_BABATUNJI019,100
FDY48_BABATUNJI035,100
FDY48_BABATUNJI045,100
FDY50_BABATUNJI017,100
FDY50_BABATUNJI018,100
FDY50_BABATUNJI027,100
FDY50_BABATUNJI035,100
FDY50_BABATUNJI045,100
FDY50_BABATUNJI046,100
FDY51_BABATUNJI018,100
FDY51_BABATUNJI046,100
FDY52_BABATUNJI017,100
FDY52_BABATUNJI019,100
FDY52_BABATUNJI045,100
FDY52_BABATUNJI046,100
FDY52_BABATUNJI049,100
FDY55_BABATUNJI013,100
FDY55_BABATUNJI018,100
FDY55_BABATUNJI046,100
FDY55_BABATUNJI049,100
FDY56_BABATUNJI010,100
FDY56_BABATUNJI013,100
FDY56_BABATUNJI018,100
FDY56_BABATUNJI046,100
FDY57_BABATUNJI017,100
FDY57_BABATUNJI018,100
FDY57_BABATUNJI035,100
FDY57_BABATUNJI045,100
FDY58_BABATUNJI018,100
FDY59_BABATUNJI018,100
FDY59_BABATUNJI027,100
FDY59_BABATUNJI035,100
FDY59_BABATUNJI045,100
FDZ01_BABATUNJI027,100
FDZ01_BABATUNJI035,100
FDZ02_BABATUNJI017,100
FDZ02_BABATUNJI027,100
FDZ02_BABATUNJI045,100
FDZ03_BABATUNJI010,100
FDZ04_BABATUNJI017,100
FDZ04_BABATUNJI045,100
FDZ04_BABATUNJI046,100
FDZ04_BABATUNJI049,100
FDZ07_BABATUNJI018,100
FDZ07_BABATUNJI019,100
FDZ07_BABATUNJI027,100
FDZ07_BABATUNJI049,100
FDZ08_BABATUNJI017,100
FDZ08_BABATUNJI027,100
FDZ08_BABATUNJI035,100
FDZ08_BABATUNJI045,100
FDZ08_BABATUNJI049,100
FDZ10_BABATUNJI027,100
FDZ13_BABATUNJI017,100
FDZ13_BABATUNJI018,100
FDZ13_BABATUNJI045,100
FDZ13_BABATUNJI046,100
FDZ14_BABATUNJI027,100
FDZ15_BABATUNJI027,100
FDZ15_BABATUNJI035,100
FDZ15_BABATUNJI045,100
FDZ16_BABATUNJI010,100
FDZ16_BABATUNJI013,100
FDZ20_BABATUNJI010,100
FDZ20_BABATUNJI013,100
FDZ20_BABATUNJI046,100
FDZ20_BABATUNJI049,100
FDZ21_BABATUNJI017,100
FDZ21_BABATUNJI018,100
FDZ21_BABATUNJI027,100
FDZ21_BABATUNJI035,100
FDZ22_BABATUNJI017,100
FDZ22_BABATUNJI019,100
FDZ22_BABATUNJI027,100
FDZ22_BABATUNJI045,100
FDZ22_BABATUNJI049,100
FDZ23_BABATUNJI010,100
FDZ23_BABATUNJI013,100
FDZ25_BABATUNJI013,100
FDZ26_BABATUNJI010,100
FDZ26_BABATUNJI013,100
FDZ26_BABATUNJI018,100
FDZ26_BABATUNJI046,100
FDZ26_BABATUNJI049,100
FDZ27_BABATUNJI017,100
FDZ27_BABATUNJI019,100
FDZ27_BABATUNJI045,100
FDZ27_BABATUNJI049,100
FDZ28_BABATUNJI045,100
FDZ32_BABATUNJI019,100
FDZ32_BABATUNJI045,100
FDZ34_BABATUNJI013,100
FDZ34_BABATUNJI046,100
FDZ35_BABATUNJI017,100
FDZ35_BABATUNJI027,100
FDZ35_BABATUNJI035,100
FDZ35_BABATUNJI045,100
FDZ36_BABATUNJI013,100
FDZ37_BABATUNJI027,100
FDZ37_BABATUNJI046,100
FDZ38_BABATUNJI013,100
FDZ39_BABATUNJI017,100
FDZ39_BABATUNJI027,100
FDZ39_BABATUNJI035,100
FDZ39_BABATUNJI045,100
FDZ40_BABATUNJI017,100
FDZ40_BABATUNJI018,100
FDZ40_BABATUNJI027,100
FDZ40_BABATUNJI045,100
FDZ40_BABATUNJI049,100
FDZ43_BABATUNJI013,100
FDZ43_BABATUNJI018,100
FDZ43_BABATUNJI046,100
FDZ44_BABATUNJI035,100
FDZ45_BABATUNJI010,100
FDZ45_BABATUNJI013,100
FDZ46_BABATUNJI017,100
FDZ46_BABATUNJI035,100
FDZ47_BABATUNJI017,100
FDZ47_BABATUNJI027,100
FDZ47_BABATUNJI035,100
FDZ48_BABATUNJI017,100
FDZ48_BABATUNJI045,100
FDZ49_BABATUNJI013,100
FDZ49_BABATUNJI046,100
FDZ51_BABATUNJI017,100
FDZ51_BABATUNJI027,100
FDZ52_BABATUNJI027,100
FDZ52_BABATUNJI035,100
FDZ58_BABATUNJI027,100
FDZ58_BABATUNJI035,100
FDZ60_BABATUNJI019,100
FDZ60_BABATUNJI027,100
FDZ60_BABATUNJI035,100
NCA06_BABATUNJI017,100
NCA06_BABATUNJI018,100
NCA06_BABATUNJI027,100
NCA06_BABATUNJI045,100
NCA06_BABATUNJI046,100
NCA06_BABATUNJI049,100
NCA18_BABATUNJI045,100
NCA29_BABATUNJI013,100
NCA30_BABATUNJI010,100
NCA30_BABATUNJI013,100
NCA53_BABATUNJI017,100
NCA53_BABATUNJI018,100
NCA53_BABATUNJI019,100
NCA53_BABATUNJI045,100
NCA53_BABATUNJI046,100
NCA53_BABATUNJI049,100
NCA54_BABATUNJI010,100
NCA54_BABATUNJI013,100
NCB07_BABATUNJI010,100
NCB18_BABATUNJI018,100
NCB18_BABATUNJI019,100
NCB18_BABATUNJI027,100
NCB18_BABATUNJI035,100
NCB18_BABATUNJI045,100
NCB18_BABATUNJI046,100
NCB18_BABATUNJI049,100
NCB19_BABATUNJI017,100
NCB19_BABATUNJI019,100
NCB19_BABATUNJI027,100
NCB19_BABATUNJI035,100
NCB19_BABATUNJI046,100
NCB19_BABATUNJI049,100
NCB30_BABATUNJI010,100
NCB30_BABATUNJI046,100
NCB31_BABATUNJI018,100
NCB31_BABATUNJI027,100
NCB31_BABATUNJI035,100
NCB31_BABATUNJI045,100
NCB31_BABATUNJI046,100
NCB31_BABATUNJI049,100
NCB42_BABATUNJI027,100
NCB42_BABATUNJI035,100
NCB42_BABATUNJI045,100
NCB43_BABATUNJI013,100
NCB55_BABATUNJI018,100
NCB55_BABATUNJI045,100
NCB55_BABATUNJI046,100
NCC07_BABATUNJI027,100
NCC07_BABATUNJI035,100
NCC07_BABATUNJI045,100
NCC19_BABATUNJI013,100
NCC30_BABATUNJI013,100
NCC43_BABATUNJI013,100
NCC43_BABATUNJI018,100
NCC43_BABATUNJI046,100
NCC43_BABATUNJI049,100
NCC54_BABATUNJI010,100
NCC54_BABATUNJI013,100
NCC54_BABATUNJI018,100
NCC54_BABATUNJI049,100
NCC55_BABATUNJI018,100
NCC55_BABATUNJI035,100
NCD06_BABATUNJI017,100
NCD06_BABATUNJI018,100
NCD06_BABATUNJI046,100
NCD06_BABATUNJI049,100
NCD18_BABATUNJI013,100
NCD18_BABATUNJI018,100
NCD18_BABATUNJI046,100
NCD19_BABATUNJI017,100
NCD19_BABATUNJI045,100
NCD19_BABATUNJI046,100
NCD19_BABATUNJI049,100
NCD30_BABATUNJI027,100
NCD30_BABATUNJI045,100
NCD42_BABATUNJI018,100
NCD42_BABATUNJI027,100
NCD42_BABATUNJI045,100
NCD42_BABATUNJI049,100
NCD43_BABATUNJI019,100
NCD43_BABATUNJI045,100
NCD55_BABATUNJI017,100
NCD55_BABATUNJI027,100
NCD55_BABATUNJI049,100
NCE07_BABATUNJI027,100
NCE18_BABATUNJI013,100
NCE18_BABATUNJI018,100
NCE18_BABATUNJI046,100
NCE19_BABATUNJI019,100
NCE19_BABATUNJI027,100
NCE19_BABATUNJI035,100
NCE19_BABATUNJI045,100
NCE19_BABATUNJI046,100
NCE19_BABATUNJI049,100
NCE30_BABATUNJI013,100
NCE30_BABATUNJI046,100
NCE31_BABATUNJI017,100
NCE31_BABATUNJI018,100
NCE31_BABATUNJI027,100
NCE31_BABATUNJI045,100
NCE31_BABATUNJI046,100
NCE31_BABATUNJI049,100
NCE42_BABATUNJI013,100
NCE42_BABATUNJI018,100
NCE42_BABATUNJI046,100
NCE54_BABATUNJI017,100
NCE54_BABATUNJI018,100
NCE54_BABATUNJI019,100
NCE54_BABATUNJI027,100
NCE54_BABATUNJI035,100
NCE54_BABATUNJI045,100
NCE54_BABATUNJI046,100
NCF06_BABATUNJI010,100
NCF06_BABATUNJI046,100
NCF06_BABATUNJI049,100
NCF07_BABATUNJI017,100
NCF07_BABATUNJI018,100
NCF07_BABATUNJI027,100
NCF07_BABATUNJI035,100
NCF18_BABATUNJI010,100
NCF18_BABATUNJI013,100
NCF19_BABATUNJI017,100
NCF19_BABATUNJI018,100
NCF19_BABATUNJI019,100
NCF19_BABATUNJI027,100
NCF42_BABATUNJI010,100
NCF42_BABATUNJI013,100
NCF55_BABATUNJI045,100
NCF55_BABATUNJI046,100
NCG06_BABATUNJI013,100
NCG06_BABATUNJI018,100
NCG06_BABATUNJI046,100
NCG07_BABATUNJI013,100
NCG18_BABATUNJI018,100
NCG18_BABATUNJI027,100
NCG18_BABATUNJI035,100
NCG19_BABATUNJI013,100
NCG19_BABATUNJI049,100
NCG30_BABATUNJI027,100
NCG30_BABATUNJI045,100
NCG42_BABATUNJI045,100
NCG43_BABATUNJI018,100
NCG43_BABATUNJI019,100
NCG43_BABATUNJI027,100
NCG43_BABATUNJI045,100
NCH06_BABATUNJI010,100
NCH06_BABATUNJI018,100
NCH18_BABATUNJI010,100
NCH18_BABATUNJI013,100
NCH18_BABATUNJI018,100
NCH18_BABATUNJI049,100
NCH29_BABATUNJI017,100
NCH29_BABATUNJI018,100
NCH29_BABATUNJI035,100
NCH29_BABATUNJI045,100
NCH30_BABATUNJI027,100
NCH30_BABATUNJI035,100
NCH30_BABATUNJI045,100
NCH42_BABATUNJI010,100
NCH42_BABATUNJI018,100
NCH43_BABATUNJI013,100
NCH43_BABATUNJI018,100
NCH55_BABATUNJI027,100
NCH55_BABATUNJI045,100
NCI06_BABATUNJI013,100
NCI17_BABATUNJI017,100
NCI17_BABATUNJI018,100
NCI17_BABATUNJI027,100
NCI17_BABATUNJI045,100
NCI18_BABATUNJI018,100
NCI18_BABATUNJI046,100
NCI29_BABATUNJI027,100
NCI30_BABATUNJI013,100
NCI30_BABATUNJI018,100
NCI30_BABATUNJI046,100
NCI31_BABATUNJI018,100
NCI31_BABATUNJI019,100
NCI31_BABATUNJI027,100
NCI31_BABATUNJI035,100
NCI31_BABATUNJI045,100
NCI31_BABATUNJI049,100
NCI42_BABATUNJI013,100
NCI42_BABATUNJI046,100
NCI43_BABATUNJI017,100
NCI43_BABATUNJI018,100
NCI43_BABATUNJI027,100
NCI43_BABATUNJI035,100
NCI43_BABATUNJI046,100
NCI54_BABATUNJI017,100
NCI54_BABATUNJI019,100
NCI54_BABATUNJI027,100
NCI54_BABATUNJI035,100
NCI54_BABATUNJI045,100
NCI55_BABATUNJI027,100
NCI55_BABATUNJI035,100
NCI55_BABATUNJI045,100
NCJ06_BABATUNJI035,100
NCJ17_BABATUNJI017,100
NCJ17_BABATUNJI018,100
NCJ17_BABATUNJI045,100
NCJ18_BABATUNJI027,100
NCJ18_BABATUNJI035,100
NCJ18_BABATUNJI045,100
NCJ19_BABATUNJI018,100
NCJ19_BABATUNJI027,100
NCJ19_BABATUNJI045,100
NCJ19_BABATUNJI046,100
NCJ29_BABATUNJI018,100
NCJ29_BABATUNJI027,100
NCJ29_BABATUNJI035,100
NCJ29_BABATUNJI045,100
NCJ29_BABATUNJI049,100
NCJ30_BABATUNJI013,100
NCJ31_BABATUNJI013,100
NCJ31_BABATUNJI046,100
NCJ31_BABATUNJI049,100
NCJ42_BABATUNJI017,100
NCJ42_BABATUNJI018,100
NCJ42_BABATUNJI019,100
NCJ42_BABATUNJI027,100
NCJ42_BABATUNJI045,100
NCJ54_BABATUNJI013,100
NCJ54_BABATUNJI046,100
NCK05_BABATUNJI017,100
NCK05_BABATUNJI018,100
NCK05_BABATUNJI019,100
NCK05_BABATUNJI027,100
NCK05_BABATUNJI035,100
NCK05_BABATUNJI046,100
NCK06_BABATUNJI027,100
NCK06_BABATUNJI035,100
NCK06_BABATUNJI045,100
NCK17_BABATUNJI017,100
NCK17_BABATUNJI019,100
NCK17_BABATUNJI027,100
NCK17_BABATUNJI045,100
NCK17_BABATUNJI049,100
NCK19_BABATUNJI010,100
NCK19_BABATUNJI013,100
NCK29_BABATUNJI027,100
NCK29_BABATUNJI035,100
NCK30_BABATUNJI010,100
NCK30_BABATUNJI013,100
NCK30_BABATUNJI018,100
NCK31_BABATUNJI018,100
NCK31_BABATUNJI027,100
NCK31_BABATUNJI046,100
NCK42_BABATUNJI046,100
NCK53_BABATUNJI017,100
NCK53_BABATUNJI018,100
NCK53_BABATUNJI027,100
NCK53_BABATUNJI035,100
NCK54_BABATUNJI027,100
NCK54_BABATUNJI045,100
NCL05_BABATUNJI018,100
NCL05_BABATUNJI019,100
NCL05_BABATUNJI027,100
NCL05_BABATUNJI035,100
NCL05_BABATUNJI046,100
NCL05_BABATUNJI049,100
NCL06_BABATUNJI010,100
NCL06_BABATUNJI049,100
NCL07_BABATUNJI019,100
NCL07_BABATUNJI027,100
NCL07_BABATUNJI045,100
NCL07_BABATUNJI046,100
NCL18_BABATUNJI013,100
NCL18_BABATUNJI046,100
NCL30_BABATUNJI027,100
NCL41_BABATUNJI017,100
NCL41_BABATUNJI018,100
NCL41_BABATUNJI019,100
NCL41_BABATUNJI035,100
NCL41_BABATUNJI046,100
NCL41_BABATUNJI049,100
NCL42_BABATUNJI013,100
NCL42_BABATUNJI049,100
NCL53_BABATUNJI010,100
NCL53_BABATUNJI013,100
NCL55_BABATUNJI046,100
NCM05_BABATUNJI010,100
NCM05_BABATUNJI027,100
NCM05_BABATUNJI035,100
NCM05_BABATUNJI046,100
NCM05_BABATUNJI049,100
NCM07_BABATUNJI017,100
NCM07_BABATUNJI018,100
NCM07_BABATUNJI019,100
NCM07_BABATUNJI027,100
NCM07_BABATUNJI035,100
NCM07_BABATUNJI046,100
NCM07_BABATUNJI049,100
NCM17_BABATUNJI017,100
NCM17_BABATUNJI018,100
NCM17_BABATUNJI027,100
NCM17_BABATUNJI046,100
NCM18_BABATUNJI027,100
NCM18_BABATUNJI045,100
NCM18_BABATUNJI049,100
NCM19_BABATUNJI027,100
NCM19_BABATUNJI045,100
NCM29_BABATUNJI027,100
NCM30_BABATUNJI017,100
NCM30_BABATUNJI018,100
NCM30_BABATUNJI019,100
NCM30_BABATUNJI027,100
NCM30_BABATUNJI046,100
NCM30_BABATUNJI049,100
NCM41_BABATUNJI018,100
NCM41_BABATUNJI045,100
NCM42_BABATUNJI017,100
NCM53_BABATUNJI017,100
NCM53_BABATUNJI045,100
NCM54_BABATUNJI027,100
NCM55_BABATUNJI010,100
NCN14_BABATUNJI010,100
NCN17_BABATUNJI018,100
NCN17_BABATUNJI035,100
NCN18_BABATUNJI027,100
NCN18_BABATUNJI035,100
NCN18_BABATUNJI045,100
NCN19_BABATUNJI013,100
NCN26_BABATUNJI035,100
NCN26_BABATUNJI045,100
NCN29_BABATUNJI017,100
NCN29_BABATUNJI019,100
NCN29_BABATUNJI045,100
NCN29_BABATUNJI049,100
NCN30_BABATUNJI018,100
NCN30_BABATUNJI027,100
NCN30_BABATUNJI035,100
NCN43_BABATUNJI027,100
NCN53_BABATUNJI017,100
NCN53_BABATUNJI018,100
NCN53_BABATUNJI019,100
NCN53_BABATUNJI027,100
NCN53_BABATUNJI035,100
NCN54_BABATUNJI017,100
NCN54_BABATUNJI018,100
NCN54_BABATUNJI035,100
NCN54_BABATUNJI045,100
NCN54_BABATUNJI046,100
NCN55_BABATUNJI018,100
NCN55_BABATUNJI049,100
NCO02_BABATUNJI017,100
NCO02_BABATUNJI018,100
NCO02_BABATUNJI027,100
NCO02_BABATUNJI035,100
NCO02_BABATUNJI045,100
NCO02_BABATUNJI049,100
NCO05_BABATUNJI017,100
NCO05_BABATUNJI018,100
NCO05_BABATUNJI027,100
NCO05_BABATUNJI045,100
NCO06_BABATUNJI018,100
NCO06_BABATUNJI027,100
NCO06_BABATUNJI035,100
NCO06_BABATUNJI046,100
NCO07_BABATUNJI046,100
NCO14_BABATUNJI017,100
NCO14_BABATUNJI027,100
NCO14_BABATUNJI035,100
NCO17_BABATUNJI027,100
NCO17_BABATUNJI035,100
NCO18_BABATUNJI013,100
NCO26_BABATUNJI035,100
NCO26_BABATUNJI045,100
NCO30_BABATUNJI013,100
NCO41_BABATUNJI017,100
NCO41_BABATUNJI027,100
NCO41_BABATUNJI035,100
NCO41_BABATUNJI045,100
NCO43_BABATUNJI017,100
NCO43_BABATUNJI018,100
NCO43_BABATUNJI045,100
NCO54_BABATUNJI017,100
NCO54_BABATUNJI018,100
NCO54_BABATUNJI019,100
NCO54_BABATUNJI027,100
NCO54_BABATUNJI045,100
NCO54_BABATUNJI046,100
NCO54_BABATUNJI049,100
NCO55_BABATUNJI019,100
NCO55_BABATUNJI027,100
NCO55_BABATUNJI045,100
NCP02_BABATUNJI018,100
NCP02_BABATUNJI027,100
NCP14_BABATUNJI017,100
NCP17_BABATUNJI018,100
NCP17_BABATUNJI027,100
NCP17_BABATUNJI046,100
NCP17_BABATUNJI049,100
NCP29_BABATUNJI018,100
NCP29_BABATUNJI027,100
NCP29_BABATUNJI035,100
NCP29_BABATUNJI046,100
NCP30_BABATUNJI017,100
NCP30_BABATUNJI027,100
NCP30_BABATUNJI035,100
NCP30_BABATUNJI045,100
NCP30_BABATUNJI049,100
NCP41_BABATUNJI019,100
NCP50_BABATUNJI017,100
NCP50_BABATUNJI018,100
NCP50_BABATUNJI019,100
NCP50_BABATUNJI027,100
NCP50_BABATUNJI035,100
NCP50_BABATUNJI046,100
NCP53_BABATUNJI013,100
NCP53_BABATUNJI018,100
NCP54_BABATUNJI035,100
NCP55_BABATUNJI017,100
NCP55_BABATUNJI019,100
NCP55_BABATUNJI035,100
NCP55_BABATUNJI045,100
NCQ02_BABATUNJI013,100
NCQ06_BABATUNJI013,100
NCQ06_BABATUNJI018,100
NCQ06_BABATUNJI046,100
NCQ06_BABATUNJI049,100
NCQ18_BABATUNJI017,100
NCQ18_BABATUNJI027,100
NCQ18_BABATUNJI035,100
NCQ29_BABATUNJI046,100
NCQ30_BABATUNJI045,100
NCQ38_BABATUNJI017,100
NCQ38_BABATUNJI019,100
NCQ38_BABATUNJI035,100
NCQ38_BABATUNJI045,100
NCQ41_BABATUNJI010,100
NCQ41_BABATUNJI013,100
NCQ42_BABATUNJI027,100
NCQ43_BABATUNJI017,100
NCQ43_BABATUNJI019,100
NCQ43_BABATUNJI027,100
NCQ43_BABATUNJI045,100
NCQ50_BABATUNJI013,100
NCQ50_BABATUNJI046,100
NCQ53_BABATUNJI013,100
NCQ53_BABATUNJI018,100
NCQ53_BABATUNJI046,100
NCQ53_BABATUNJI049,100
NCR05_BABATUNJI013,100
NCR05_BABATUNJI046,100
NCR06_BABATUNJI035,100
NCR06_BABATUNJI046,100
NCR06_BABATUNJI049,100
NCR17_BABATUNJI027,100
NCR17_BABATUNJI035,100
NCR17_BABATUNJI045,100
NCR18_BABATUNJI017,100
NCR18_BABATUNJI018,100
NCR18_BABATUNJI027,100
NCR18_BABATUNJI046,100
NCR18_BABATUNJI049,100
NCR29_BABATUNJI018,100
NCR29_BABATUNJI027,100
NCR29_BABATUNJI035,100
NCR29_BABATUNJI045,100
NCR30_BABATUNJI018,100
NCR30_BABATUNJI019,100
NCR30_BABATUNJI045,100
NCR30_BABATUNJI049,100
NCR38_BABATUNJI046,100
NCR38_BABATUNJI049,100
NCR41_BABATUNJI017,100
NCR41_BABATUNJI018,100
NCR41_BABATUNJI027,100
NCR41_BABATUNJI045,100
NCR42_BABATUNJI017,100
NCR42_BABATUNJI045,100
NCR53_BABATUNJI010,100
NCR53_BABATUNJI013,100
NCR53_BABATUNJI018,100
NCR54_BABATUNJI013,100
NCR54_BABATUNJI046,100
NCS05_BABATUNJI027,100
NCS06_BABATUNJI013,100
NCS06_BABATUNJI018,100
NCS06_BABATUNJI035,100
NCS06_BABATUNJI045,100
NCS06_BABATUNJI046,100
NCS17_BABATUNJI017,100
NCS17_BABATUNJI018,100
NCS17_BABATUNJI027,100
NCS18_BABATUNJI045,100
NCS29_BABATUNJI013,100
NCS29_BABATUNJI027,100
NCS29_BABATUNJI035,100
NCS29_BABATUNJI049,100
NCS38_BABATUNJI027,100
NCS38_BABATUNJI045,100
NCS42_BABATUNJI017,100
NCS42_BABATUNJI035,100
NCS54_BABATUNJI013,100
NCT05_BABATUNJI013,100
NCT05_BABATUNJI018,100
NCT05_BABATUNJI046,100
NCT17_BABATUNJI013,100
NCT29_BABATUNJI027,100
NCT29_BABATUNJI045,100
NCT30_BABATUNJI017,100
NCT30_BABATUNJI018,100
NCT30_BABATUNJI019,100
NCT30_BABATUNJI035,100
NCT30_BABATUNJI049,100
NCT54_BABATUNJI017,100
NCT54_BABATUNJI018,100
NCT54_BABATUNJI035,100
NCU05_BABATUNJI018,100
NCU05_BABATUNJI027,100
NCU05_BABATUNJI035,100
NCU05_BABATUNJI045,100
NCU05_BABATUNJI049,100
NCU06_BABATUNJI013,100
NCU06_BABATUNJI049,100
NCU17_BABATUNJI017,100
NCU17_BABATUNJI018,100
NCU17_BABATUNJI027,100
NCU17_BABATUNJI035,100
NCU17_BABATUNJI045,100
NCU41_BABATUNJI013,100
NCU54_BABATUNJI010,100
NCU54_BABATUNJI046,100
NCV06_BABATUNJI013,100
NCV06_BABATUNJI046,100
NCV18_BABATUNJI035,100
NCV18_BABATUNJI045,100
NCV29_BABATUNJI010,100
NCV29_BABATUNJI013,100
NCV30_BABATUNJI018,100
NCV30_BABATUNJI027,100
NCV30_BABATUNJI045,100
NCV30_BABATUNJI046,100
NCV41_BABATUNJI017,100
NCV41_BABATUNJI027,100
NCV41_BABATUNJI045,100
NCV42_BABATUNJI017,100
NCV53_BABATUNJI010,100
NCV53_BABATUNJI013,100
NCV53_BABATUNJI018,100
NCV53_BABATUNJI046,100
NCV54_BABATUNJI027,100
NCV54_BABATUNJI035,100
NCV54_BABATUNJI045,100
NCW05_BABATUNJI045,100
NCW06_BABATUNJI010,100
NCW17_BABATUNJI027,100
NCW18_BABATUNJI013,100
NCW18_BABATUNJI049,100
NCW29_BABATUNJI027,100
NCW42_BABATUNJI010,100
NCW42_BABATUNJI018,100
NCW53_BABATUNJI013,100
NCW54_BABATUNJI018,100
NCW54_BABATUNJI045,100
NCW54_BABATUNJI046,100
NCW54_BABATUNJI049,100
NCX05_BABATUNJI027,100
NCX05_BABATUNJI035,100
NCX05_BABATUNJI045,100
NCX17_BABATUNJI018,100
NCX18_BABATUNJI010,100
NCX18_BABATUNJI046,100
NCX30_BABATUNJI013,100
NCX30_BABATUNJI018,100
NCX30_BABATUNJI046,100
NCX41_BABATUNJI010,100
NCX41_BABATUNJI046,100
NCX54_BABATUNJI017,100
NCX54_BABATUNJI027,100
NCX54_BABATUNJI035,100
NCX54_BABATUNJI045,100
NCY05_BABATUNJI017,100
NCY05_BABATUNJI027,100
NCY05_BABATUNJI045,100
NCY05_BABATUNJI046,100
NCY05_BABATUNJI049,100
NCY06_BABATUNJI027,100
NCY17_BABATUNJI035,100
NCY17_BABATUNJI045,100
NCY17_BABATUNJI046,100
NCY17_BABATUNJI049,100
NCY18_BABATUNJI013,100
NCY29_BABATUNJI017,100
NCY29_BABATUNJI018,100
NCY29_BABATUNJI019,100
NCY29_BABATUNJI027,100
NCY29_BABATUNJI035,100
NCY29_BABATUNJI045,100
NCY29_BABATUNJI046,100
NCY30_BABATUNJI013,100
NCY41_BABATUNJI017,100
NCY41_BABATUNJI027,100
NCY41_BABATUNJI035,100
NCY41_BABATUNJI045,100
NCY41_BABATUNJI046,100
NCY41_BABATUNJI049,100
NCY53_BABATUNJI017,100
NCY53_BABATUNJI027,100
NCZ05_BABATUNJI019,100
NCZ05_BABATUNJI035,100
NCZ06_BABATUNJI013,100
NCZ06_BABATUNJI018,100
NCZ06_BABATUNJI046,100
NCZ06_BABATUNJI049,100
NCZ17_BABATUNJI017,100
NCZ17_BABATUNJI018,100
NCZ17_BABATUNJI027,100
NCZ17_BABATUNJI045,100
NCZ17_BABATUNJI046,100
NCZ18_BABATUNJI018,100
NCZ18_BABATUNJI046,100
NCZ18_BABATUNJI049,100
NCZ29_BABATUNJI045,100
NCZ30_BABATUNJI027,100
NCZ30_BABATUNJI035,100
NCZ30_BABATUNJI045,100
NCZ41_BABATUNJI045,100
NCZ42_BABATUNJI010,100
NCZ42_BABATUNJI013,100
NCZ42_BABATUNJI049,100
NCZ53_BABATUNJI010,100
NCZ53_BABATUNJI013,100
