tweet_id,label
00BHHHP1,1
00UNMD0E,1
01AXPTJF,0
01HOEQJW,1
01JUKMAO,0
01V1X8XW,1
01VCVYR0,0
01VO7KBO,1
020SYHIL,1
02CQIJUI,0
02OLGGYV,0
02VDQ7JT,1
03VDEOFZ,0
03W32GF1,0
0415LSAN,1
047IZEE1,1
04BA7VQ9,1
04Q6QMSI,1
04UJ9Q31,1
04W0XJEJ,0
05277SI4,0
05OKQQBU,0
05PUPGUS,0
0749FDXA,0
078BED1W,1
07B3FVUX,0
07SO3YBG,1
07VBSV9R,1
07VRJ7KY,1
07ZUS2DD,1
08DJ5XND,1
08HY52OR,0
08ZVZMNA,1
09D4JMNJ,0
09DSYIQ7,0
09O38XEV,0
0A21KQ6M,0
0A5K6EBZ,0
0AKC7N18,1
0AVGJKYZ,0
0BJTMHMU,0
0BLHVV1M,0
0C4IZ2NQ,0
0C5GV66O,1
0CBOHX9M,1
0CCJ1SMQ,1
0CGQFX6F,0
0CQ3QSYS,1
0CXVNB4Q,1
0D33P1WR,1
0D3W2EG9,1
0D7OGTTQ,1
0DCGQEQD,0
0DFIQMAV,0
0DOD5YV1,1
0DSEXSUT,1
0E5E5VOC,0
0EILVR8Z,0
0ELNXTUQ,0
0F36Y853,0
0FCA4MPB,0
0FKEWN0K,1
0FOBE3OZ,0
0FX9QJAS,0
0G18CCZX,1
0G3S14B8,-1
0G5WK2AZ,1
0GB1F2Q5,-1
0GBJQZB7,0
0GG5Y3LI,1
0GOLHGV0,0
0H40XA1I,0
0HAAKCTM,1
0HZWVJSU,1
0HZZT3VB,1
0I1SE7QS,0
0I6TQSZE,0
0IBBENNY,1
0INHGQUR,0
0IRU7WSZ,1
0J1KH6IR,0
0JFPL4WS,0
0JOKLM2W,1
0JRF3UU6,1
0JWZZYP6,0
0K600HFK,0
0KIQZZ55,1
0KTRZU3F,1
0L5FPE0M,0
0LJU7D73,1
0M5P9LC5,1
0M738I3J,-1
0MKZBCYV,1
0MQ7K6CC,1
0NEYSYJE,1
0NM97TFK,0
0NYFVKVR,1
0OGKWRB6,0
0P0F7Z28,1
0P1W9RZV,1
0PKQN5ZH,0
0Q269J05,1
0QAJE1TS,0
0QP8BFOL,1
0QPJGR5L,0
0QY53C2D,0
0RBILGAY,0
0RLELG5C,1
0RPFLABS,0
0S7CQ4NM,1
0S94ZK8X,1
0SKCHVYQ,0
0SPN656F,1
0SYVQUV3,1
0T9M01HO,1
0TD9MYE7,-1
0TVVGK0Y,-1
0U5K9354,1
0UAS9KZ8,0
0UU0K2M9,1
0V0E36KX,0
0VJRIRF2,1
0VPWA7OP,1
0VZZVO8K,1
0WJ49YKS,1
0WRP7CRH,1
0WT10TDJ,1
0X5OKEGG,0
0X5XXYXV,0
0X7XSWH8,1
0X9NOJIT,0
0XA3P7K9,1
0XES42U3,0
0XG1BZYN,0
0XKCZLPF,0
0XLA0FDU,1
0XYD76FK,0
0Y09E8RV,1
0YDK8S9C,0
0YIZRXBP,1
0YJTCA8W,0
0YNM4HVC,0
0YTZPELQ,1
0Z2MDPDT,0
0Z2RHQDH,1
102U0YX3,0
107C2L0T,1
107DHDBX,1
10BYCU8A,0
10HEMN9C,0
10VK7LE1,0
10YYE0DC,1
10YZV5WC,0
10ZG51MZ,0
110TCSFM,1
11GUK2S1,1
11HBNHBZ,0
11IVYVX2,1
12L8FLPV,1
12NODYFQ,-1
12SDZ9RH,1
1389W54H,0
13BVQ17H,1
13IDRQ2L,0
13O16XLW,0
13P6K8QY,1
13UO9VDI,0
145PEZAA,0
146NWQHN,1
146W4L0B,0
14NPKO0I,0
14VKGQMD,0
156RKJ4J,0
15LXW89U,1
15T435VZ,1
15ZDGMGZ,0
16CSK3VX,1
16GABXU4,0
16M3GQBL,1
16QKOG7D,0
16UV84RZ,1
16X4WWOG,1
17CA2RAB,0
17U0TZP0,1
17V45OQY,0
17YJ5XC7,1
1810S3I5,0
18F24KHJ,0
18FGTXCX,0
18GHH8L1,0
18JWONSH,1
18KLKSIM,0
18LR28MW,0
18X8NIYZ,1
18YOVFEQ,1
195JQFF4,0
1960TJV9,1
19A3XHW0,0
19OCHYUN,1
19OQCFPQ,1
19R1ZAK4,0
19RFNUPU,1
19TXSZ4C,0
1A5329KK,0
1AEQBETN,0
1AGLX0FE,0
1AW8QSL4,0
1AYJQ9EZ,0
1AYVYRYQ,1
1BHJM0RW,1
1CDZ2D2P,1
1CQEHL9J,0
1CVJMZDF,1
1CW7IG3S,1
1D290KFF,0
1D89C1XQ,0
1DAIX0MA,1
1DNX3VRF,1
1E9EBK5B,0
1ENRJ53J,1
1EYYTF6R,1
1FDILM4A,0
1FELHUNC,1
1FQVXJOG,0
1FTFR0JD,0
1FUDDMOH,0
1FY7SVW4,0
1G3BKVPH,1
1GLR8XRG,0
1GNA8599,1
1GPSS9KB,0
1GUGJUDU,0
1GVYL74K,0
1H0CHYJV,0
1H6D8SIO,1
1H6UCU0F,1
1HLZCWBS,0
1HN5499Q,1
1HVDMB2S,1
1I5Y44LR,1
1IK7LJZZ,0
1J3NCJOO,0
1JBC356U,0
1JGHA5DB,1
1JGOLI11,1
1JO6NQRU,0
1JQ4RLYU,-1
1JV441U6,1
1JVVJ2L3,1
1K7KJ3EM,0
1KAPDGBL,0
1KIXM6E7,0
1KJKYS09,1
1L3TVUTI,1
1LI7YTGK,0
1LIR621Y,1
1LJP0Q2T,1
1LLXXFMT,1
1LM2659Q,1
1LMPYA19,1
1LWISJYN,1
1M3MUGT7,1
1M848CXN,1
1M8M8LWY,0
1MF8IRNZ,0
1MGE219Q,0
1MVXNBML,1
1MXZDT81,1
1N5ELR4B,0
1NL1IDBL,1
1NR57QVC,1
1O66DLEX,1
1OG5E44N,1
1OLF5CES,1
1OTCEUTB,1
1OV397YI,-1
1P5OSMZS,1
1PDXT443,1
1PHQGV1K,1
1Q4973P1,0
1QHADUQ8,0
1QZZ632C,0
1R10AD1G,1
1R8LM9Q9,0
1RJECTL1,1
1RT2S3G6,0
1RVCUR4K,0
1RWQDVG6,-1
1S3AYP18,1
1S3S29J1,0
1S49M49N,0
1SG2X4ZU,1
1SIX8HLK,0
1SKCA8EP,1
1SLHV5XF,1
1SNNQTIP,1
1SVQLHHM,0
1T0C0J5I,1
1TE8URRE,1
1THKW1AH,0
1TYDTNXF,0
1UD6PS78,1
1V79BWMO,1
1V8WAUGK,1
1VF6PHC1,1
1VS5SVNH,0
1VTEVYH5,0
1VYN1VPT,1
1WJ55D2G,1
1WRK9FR2,0
1WU05CCZ,0
1WV6C4G3,1
1XLJKA7R,0
1XLM2TLU,1
1XNPDGRI,-1
1Y9RZ3FX,0
1Y9YVSU4,1
1YYMPD3J,1
1ZEJ12YM,0
1ZH03KU3,1
1ZIJZJIW,-1
1ZOOZCO3,1
2029XRFF,0
2032QSMM,-1
20GG6UW2,0
20LVF2NC,1
20U6WZ29,1
211GIYHQ,0
2157Y7O7,1
21W00O9A,-1
21XGF2EZ,1
222NA1KI,1
22G523JN,0
22MVYMI2,0
22QTELMS,0
22W84H17,0
23P3SSVR,1
23XQ7VZW,1
2464245Z,1
24UH976E,1
2584B7T4,0
25RQJGOS,1
25ZLW3EP,0
268KX2SY,0
27N7NOP1,1
282NC86K,1
28C5XQXV,0
28QN0ORU,-1
28YVEFQH,0
290UJXO2,0
29EN0QUK,1
29EZKGY4,1
29OQCDBK,1
2A1261K1,0
2A5IO2S3,0
2AC4KYQF,1
2AFDI2MJ,1
2B1KS8T9,1
2B6Q61W7,1
2B8LHDQS,0
2BBG4MKW,0
2BDA9NMA,1
2BF2VDKV,1
2BIB2WTB,1
2BJ7VQ1B,1
2BSN9HPY,1
2BW3A3KP,1
2C2P5XSF,1
2C43RFA4,0
2D43EY76,1
2DEF3ZT7,1
2DF4FWM3,1
2DKH354J,0
2DOYXIRS,0
2DX9KCUL,0
2E3Z70J7,1
2EI65C6O,1
2EPHZLNX,1
2EVE47YL,0
2EVHN3VP,0
2FAVB6B8,0
2FRTDIPL,1
2FZSC226,1
2G0ANM9H,1
2G2YL81G,0
2G67O8AT,1
2GGC5RGG,0
2GGK4EOX,0
2GL5L3TK,0
2GS7T0GP,0
2HATL6AU,1
2HGJ9DS9,1
2HKGV6C6,0
2I4G5BMZ,0
2IHKYZC7,1
2IMYI43N,1
2JF4OGAY,0
2JSP549M,0
2KAEJYFB,1
2KVJ9CPL,0
2L12W98H,0
2LJYVABU,0
2LZGD9L7,0
2M48X0EX,1
2M4U10QB,0
2M7ZDGVN,0
2NGONSTN,1
2O1HWDA4,0
2O7CS8PG,1
2O7N30P2,0
2OAZY56J,0
2OEFWJ48,0
2P27AA3N,-1
2PI2KGPI,0
2Q6J3LEW,1
2QBT70AC,0
2QVPPZ0I,1
2RD4MJQ5,1
2RSMGGGQ,1
2RWGX9WY,0
2S2H03X1,0
2S8E7RP3,0
2T4CEIWC,0
2TJOG1XL,1
2TT1ZWN6,0
2TV49WWC,0
2TXUQJXC,1
2TYX6BJT,1
2U39YOH2,1
2U77KHLV,0
2U93DIML,1
2UIJITYY,0
2UIKSO1D,1
2UMKL29B,0
2UPIUQFD,0
2UTVCH63,1
2UXG60WA,0
2VEEYXC7,1
2VI1RHOM,1
2VK1B0WY,0
2VNZ1NAD,0
2VP2Z5GN,0
2VT9R24K,0
2VU8UF00,0
2VWPD5U4,1
2WXZUSMS,0
2XHX1QED,0
2XLCIVW5,1
2XP0FDGT,-1
2XQF45DB,0
2YACEGJQ,0
2Z1FL5YK,0
2ZSGSQSL,1
2ZSTFLM6,1
30CQ4YNU,-1
30MPKN09,-1
30N2WSHO,1
30TAAJDM,0
30U4EMKG,0
318SVEA6,0
31A8K788,0
32M2Q44I,1
32REVAG0,1
32T6ZRCY,1
32Y7YIIO,0
33481WKC,1
3399ZKCE,0
33BNL0AS,0
34ILBL2X,0
350WHWEN,1
35W4BU5I,0
35XND9O4,-1
364SLNBT,1
365NIVAY,0
36C8E3FX,0
379KFE4P,1
37C25N7S,1
37EZIVHP,0
37MY2GB3,0
37OZ6OG5,1
37TE28RG,0
37U8WO0T,1
380K9ZWQ,0
3830P2ZN,0
38N5SSZ0,1
38U89KRP,0
38VWSVFB,1
38WZB80L,0
38YKJDV5,0
397Z7U3T,0
39NRAHLZ,0
39VQXUVG,0
3A0P5G4F,0
3A3HE13B,1
3A8RPOAE,0
3AH1VRKT,1
3AHIFIE3,1
3AJGEVZ0,0
3AJHECDS,0
3ALFQRVZ,0
3AOYGO15,1
3B0XQV64,0
3B1GMXGW,0
3BCKJ51Z,0
3BJHA66J,0
3BTN8PIQ,1
3CXB101M,1
3D3JZMCY,-1
3DMYZWUM,0
3DWNBF9Z,1
3EGWYPHZ,0
3FA9Z1RR,0
3FCWW0YG,0
3FIZ03LU,1
3G34FE16,1
3GKVHKEL,0
3HES0W0G,1
3HM9KNG7,0
3IGLZWKQ,0
3J5R863P,0
3JPJXOJL,0
3K4UVZ23,1
3KCVLPAM,1
3KKEQWRP,0
3KX8TDLQ,-1
3L2QH69N,1
3LGITGLO,1
3LRM89OU,0
3LVMTOW3,1
3M3QGXDL,0
3M4WD8IS,0
3MAQ6W9G,1
3MJUC6EJ,0
3MKNC24U,0
3MV9F8UF,1
3MZP3JD7,1
3NAPLSZW,1
3NAUC9IU,0
3NKZNO22,1
3O2HZLP9,0
3OJ7KT7I,1
3P2JF9QJ,1
3PCDRS8W,0
3PHDXBYT,-1
3PQ5JON7,0
3PTW4E3P,1
3PYDPDOA,1
3QJJLPGE,1
3QKUCQDZ,1
3QOOO0KS,1
3QRFCVK5,0
3QXG460O,0
3RAKQ80R,1
3RREAR7I,0
3SIYR3Z1,1
3SVOPWWL,1
3T0ATYWM,0
3T3YD897,-1
3T766MCP,0
3T8UQC00,1
3TCONTV1,1
3TIY6FFL,1
3TJ2D4BK,1
3TLWFADF,0
3TPED3SS,1
3U7BRVRC,1
3UDCHC4M,1
3UOX40K4,1
3UT9BWC1,1
3V98O6DA,0
3VVBGGZB,1
3W5DKA5N,1
3WIUNUY0,1
3WNDYPGP,0
3WQJWRNU,-1
3X1GV9VI,1
3X2OH0ZA,1
3X6HN1VI,1
3X7WM1WB,-1
3XTQU2TO,0
3XTVHQ61,0
3XWUOD1K,0
3Y6RKQAJ,0
3YG5HF6X,0
3YIRRX90,0
3YS8BV6P,0
3Z3DIZVP,0
3Z6C09Q5,1
3ZLN7C8G,1
3ZMSZZ66,0
3ZUNL5R0,1
4063L3W0,0
40O2CLZZ,1
40VHRLN4,-1
419XGLTB,1
41BAZ1BQ,0
41EP44LB,0
41QMUMSO,0
41TX1OI5,0
42VF21Z0,-1
43AJ8UYV,0
441Q08X2,1
4422M8PV,-1
445W0YQD,1
44JTAUV9,0
44Y1PGLA,1
45120ZOA,0
458YGIKO,0
45CMV1HJ,0
45HRJYTM,0
45LYPA6V,1
462YRT2R,0
46EVW9WB,0
46S20ECF,1
46VOU6BF,1
46WUVTIL,1
46XK7NNR,1
47IH54OO,0
47MMEZVF,0
47TV2U3M,1
47UX1PNC,0
47YJ4AKS,1
47YWTXP8,0
48G8JXR2,0
48SW79XQ,0
494G0186,0
497TAQST,1
49HP92WK,1
49PLMGJT,0
49TLYZJ2,1
49TU3DKG,0
4A6G1XII,1
4AGU4YNT,1
4AHAMUDH,1
4AHKERGZ,0
4B0NH4X7,-1
4B0SSAKB,1
4B37M9II,1
4B44Y95K,1
4BEGHATM,1
4BG1L47I,0
4BHN8T1V,1
4C96Y21U,0
4CRP4V5E,0
4CV1SQJ2,0
4CZUEN59,0
4D1GSEAM,0
4D26T5LH,1
4D5A6VDX,1
4DHYW006,0
4DYPQ2HB,1
4EJVAQYH,0
4EUZZJ2F,0
4F13AIOJ,1
4F42U8LY,1
4FKH04QG,0
4FPS891E,1
4FQ75JO9,1
4FY2LK04,0
4GGQYV4X,1
4GN2RS51,1
4GN6AYSE,0
4GQOX1ZE,1
4GWJNFZ9,0
4H9CNGBQ,1
4HD4K5AO,1
4HGAABWC,0
4HPKUGP1,0
4IIKRA2J,0
4IULS4TU,1
4J8YO2I9,0
4JICWVQ0,1
4JX99A2I,1
4LCE3WSP,1
4LDYEDB3,0
4LHLPOTH,1
4LJSHBCM,0
4LQRXBEX,1
4LZE2PY4,-1
4LZSNF0A,1
4M2VHO90,1
4MITBHDK,0
4MRUR57C,1
4N1LIRX0,1
4NCOYU8D,1
4NEYSOWW,0
4NPAAM06,1
4NQRAHF5,0
4O1PE5M7,1
4OIEMVQE,1
4P0FTVP7,1
4PXKITD2,1
4PXR83HI,1
4Q2FMMIN,0
4Q4LJWY8,0
4Q7JL5UM,1
4QGWJQ1J,1
4QVCR45F,0
4RCC409U,0
4RG44OL0,0
4RP5N2P6,0
4RS287KG,1
4S1GEXDP,1
4S200YHF,0
4S2BZDTA,0
4S4ECMDY,1
4TAJHJUI,0
4TEL5126,1
4TG9MKXF,1
4TY9BAOI,0
4U54K465,0
4UEO3MUA,1
4VB9KBAG,0
4VCTEXCW,0
4VERCXJG,0
4VKDGR69,1
4VKPLKQ8,1
4VSWFM4E,1
4W04TOWC,1
4W4PHN6S,1
4WOP7UVP,1
4WTDHD11,0
4WY0N63C,0
4X0DGD32,0
4XA64CY4,0
4XGWN7U6,0
4XHER3GA,1
4Y38XQZK,0
4Y6DL9W9,1
4YHHD3IS,0
4YQVUDX9,0
4YRJE1NA,0
4YT5YFA3,1
4YY7B6SH,1
4Z0MXZDZ,0
4ZBMG70R,0
4ZFC90NL,0
4ZJYIM8C,1
4ZPZ3ICI,0
502VPYK7,1
505UZYNQ,0
5071ZYCE,0
509OVIXK,1
50K3G71G,1
510PF284,1
511C9JKQ,0
51FTZT6J,1
51Y3JICD,0
52CIXQ9G,0
52H3V6OR,1
53N68KSM,0
54279XMP,0
5596RV1R,1
56OKJR5L,0
578LN2NZ,0
57J0F19B,0
58IU8443,1
59BNP9TI,1
59C16RRW,1
59E7SRTN,1
59EFUWT3,1
59JUTA3F,1
59VGVO3L,1
5A151HHZ,0
5A6PPX8Z,-1
5A76BUFZ,0
5AVLUBOP,0
5BC4HXPA,0
5BHD0EWO,0
5BNU65QR,0
5C2QAD15,1
5CB8YP5D,1
5CGKQP8F,1
5CH8NHHA,1
5CIUDJFX,1
5CT2D06K,-1
5CVA36SF,1
5CVN7WJP,1
5CYHV21K,1
5CYKAZEY,0
5D6MKE0Q,1
5D80XCAW,1
5D9MK0Z1,1
5DRBROPZ,1
5E5AREQ0,1
5EKMTASN,1
5EQD44KZ,1
5F150QYF,0
5FL8JQR2,0
5FO1VXXQ,1
5FOTKVOG,1
5FRAAHEK,1
5G3H983K,1
5G3IRHE7,1
5G9B22E2,1
5GGZH86Z,-1
5GKJ9WON,1
5GR2O2PU,1
5GREU48K,1
5GWLEPR4,1
5H64YX1X,1
5H9EPBTT,0
5HGA706Z,1
5HICUYDK,1
5HM8AHAJ,1
5HURD6PX,0
5HV7LBPD,1
5ILGO30M,0
5IR5Q7YA,1
5J0IMXVO,0
5J1EVZF5,0
5J304HHM,0
5JB68HP0,0
5JF37PAN,0
5JL20ZLV,0
5JL3VWFD,0
5JP94K46,1
5JWVI4PA,0
5K237QL8,0
5KF6HSL0,1
5KJMRIZB,1
5KLNN8J8,1
5KP6WO52,0
5L0DH5OO,0
5LB2ZPWZ,0
5LP0F8H5,0
5M1EFMRF,0
5MS80OTH,0
5MSZG3HA,0
5N2C46ZC,0
5N7CQCBK,0
5ND6BU29,0
5NHMSKXD,0
5NO3GM2M,1
5NQAXZDS,1
5OE9DNW3,1
5OHR9HF8,0
5OTV3GJ1,1
5PZ26LLV,1
5Q6ZWB30,1
5QBS77O3,1
5QDEFLPC,1
5QJUW4VW,1
5QLK6FES,0
5QLVTAAS,1
5QP7CE3G,0
5QT0YH5R,0
5R2GSYN3,1
5RN5UEAZ,1
5RODRX30,0
5S8CDSSP,1
5SZSOBM1,0
5T7DUFFZ,0
5U46XCBT,1
5UGH353H,1
5VCPXAK9,1
5VGY3K3E,1
5VHZJL6A,1
5VPNPDT2,0
5VSI06MP,1
5WF23VK1,0
5WKXAYSY,0
5WV7PBYZ,0
5X0UMC70,0
5X4ZRGV0,0
5XFQCKMS,1
5Y3L3JCQ,1
5Y4BKJOU,1
5Y7LFJOD,1
5YU9RLPV,1
5YYQMULO,0
5ZAG12J9,1
5ZB4XDUN,1
5ZG6LRKH,0
5ZVJVLKA,1
600WI6KD,0
60EUZK9P,1
60I0UBDN,0
60TU5RRK,0
60ZFCO5J,1
61EQDN5I,1
61GE4EVI,1
61UR361W,0
61ZVUAQM,0
623BR9X3,0
62KUXDD2,1
62R8VW8R,1
636ABE39,1
63AC9G27,1
63EPVM4C,0
63QEO22O,1
63X02L5H,0
63YQPGKD,0
642FUVR7,-1
645I4Z37,1
648HICVR,1
64CR3A01,0
64F5629V,0
655JARBD,1
65KM8VV5,1
65PQCQQS,1
665K8SQR,0
6676YW93,1
668Q17IC,1
669HBRIF,0
678Z8L71,0
67CC5FRM,1
67EN32CZ,0
67KUXXDL,0
67US8I9O,0
67XIO06B,1
6898063M,1
68K9GS5V,0
68N0U0EM,0
68PNXYCT,1
694WQ2WB,0
69GQE2RT,-1
6ADW8KVY,1
6AOZAKL5,1
6B6090CA,0
6BCKV7ZV,1
6BVMT8SY,1
6C9C00M5,0
6CC7240Z,0
6CE9LM9H,1
6CKKPW0G,0
6CN930HR,0
6CPATWOK,0
6D5H7QBV,1
6DB6NVMX,0
6DK7JMUK,1
6DM7IFLL,0
6DXIREXG,0
6E2GHT9E,1
6E98U8SY,-1
6ECKWURZ,0
6EIECVM4,1
6F3RVNCZ,1
6F85SODB,1
6F96ZNNH,1
6FAM1HN6,1
6FCUXQPO,1
6FF6BVZM,1
6FJS847G,1
6FPS6NHC,-1
6FXB4HN6,0
6G9S41P3,0
6GA40CEP,-1
6GBGH7ZW,0
6GP1VBAP,0
6H01JVU4,1
6H39U3UB,1
6H7PN876,1
6HAJCYW8,0
6HEVUMPZ,1
6I38J7HO,0
6JHS5825,1
6JLRWENS,0
6JNCJRDI,1
6JZW0Z1E,1
6KGJGGX1,0
6KLDVFUK,1
6KZUZ4JQ,1
6L0G87GS,1
6L1E03HH,1
6L7Q51F5,1
6LCQLNFT,1
6LDQI59U,1
6LG4YLFN,1
6LT2N0OY,0
6LWGYU58,1
6MCXOZ5P,0
6MHO81WQ,1
6MPFRJ7B,0
6MU3AQLA,0
6MX41TND,1
6N37WIBH,1
6N5SN3I3,1
6NE3IG8O,0
6NVH3IZB,1
6O45N93C,-1
6O8UNF8Z,1
6O9ULVWF,0
6ODDG168,0
6OLYZGJV,0
6ONCY1A5,0
6OYGYM5P,0
6P5W1AYU,0
6PJYA8EM,0
6PYZGC96,1
6Q0A6J23,1
6Q57P2TL,0
6QAJ1R4U,1
6QCLPYI8,1
6QX15JRK,-1
6R3V9PQD,1
6R600IPP,1
6RBSTXZD,1
6RLJ09X1,0
6RVZIBJN,0
6SG0816U,0
6SY0TEQI,1
6T8L3MYH,0
6TA252X0,0
6TN1GLZH,0
6TZPOYXM,1
6UCNE3PV,0
6VRCW033,0
6W7QJWQZ,0
6WXEJVGX,0
6X34W7FL,1
6XUYMKVG,0
6YO1FZA8,1
6ZHHNJK4,0
6ZIL6X87,0
6ZMH9T5G,1
6ZQB71K6,1
704IIVYF,1
70ATVDT3,1
70R5R3KF,0
70Z4A2W3,0
711JPSTN,0
716NHZG5,1
71F0BYCB,0
71F7AUQ1,0
71MSX8W1,1
72BU7K2P,0
72E11HXR,0
72IZIWUD,0
72S8W8YF,0
73IWEURC,1
73O3RYHC,1
73Y9QXY0,0
742ZY0P0,-1
745OQGFU,-1
74CSE0YD,0
74HWQKSP,1
74SSFCAX,0
74YPPOM5,0
74YQDF04,0
752MSWCF,0
755G9RPO,0
75OTWLY7,1
75PLCT41,0
76GPGJSK,1
76HG854G,1
76X14U0J,0
77J0EK1T,1
77SP0Y27,0
77U8G1GE,0
78ETQEZ2,0
78OZVY0D,-1
799UN31D,1
79QWL6EB,0
7AH9KW8K,0
7AO0569W,1
7ARUCL2Y,0
7ASLQW7Z,0
7AXOEF90,1
7B8S05LH,0
7BRHERSG,0
7BX8IZ7F,0
7BXCGFR0,0
7C8BGAH3,1
7CCDOL4L,1
7CEV4MUP,1
7CKTODGP,0
7CRY5Q42,0
7CS1227B,1
7CS5AV0U,1
7D03BIJW,0
7D1QNHAU,0
7DF8MM90,1
7DIUCWQQ,1
7DPALSKW,0
7DQES6FX,0
7DQQJ2RZ,0
7E1DN8ZD,0
7ECM6ZZG,0
7EDSGWLM,1
7ERYQMZ3,1
7FIA39XM,0
7FJW78CJ,1
7FPSBXAO,-1
7GHWXZVO,0
7GMINV5J,0
7GRL2GJM,0
7GWF846M,0
7H4RH3Y8,1
7H617G8D,0
7HQ8FTNB,1
7I1R315L,1
7ICYUWS7,0
7IERXLRI,1
7IH2D03G,0
7IHV8UU3,0
7IJFB31G,1
7JDWRYUT,1
7JIWFW83,0
7JNID755,1
7JPPYFUV,0
7JR3R3G6,0
7JWEIKXX,1
7K02URNZ,0
7K34K05M,1
7KJSQMVK,0
7KPVYMLI,0
7KT2P302,1
7L1G8G12,0
7LD7YTWE,-1
7LHO50GN,0
7MIL1J1J,1
7MWHB11A,1
7MYV16B7,1
7N1PHPF3,0
7N5GXX96,0
7NCI2E0N,0
7NFESMKG,1
7NLCTPYC,-1
7O1O89XD,0
7OALPPU6,-1
7OC6EMWW,-1
7OGXUX3B,0
7OKKUK20,1
7OL3JEZN,1
7OMQ864W,1
7OQC98ZD,1
7OUVFT0M,0
7OXLSJ7A,0
7P9CLMVB,1
7PDP3O8E,1
7PI27ZFZ,1
7PPJ64WT,1
7PQV9XK2,0
7PV5WENV,1
7Q7HHTQJ,1
7QDFLY4P,1
7QK1TXAX,1
7QRSNDYK,1
7R59Q15A,1
7R9T9X5D,0
7REWHYX9,0
7RFB5WCB,0
7RXGWLMW,1
7S55BSEW,1
7SADIL8I,0
7SV6FSIY,0
7SYC4TU1,1
7T9QULI1,0
7UA7KP4V,0
7UH6H7ZS,0
7UKZ8KZ0,-1
7V10541S,1
7VAHT7W6,1
7VL7WP6G,1
7VLDBS3K,0
7VO2V70G,0
7VVISF7N,1
7WAW8EI8,1
7WE7US6E,-1
7WLT9ZEU,1
7WMNVEOR,0
7WTH0SLJ,1
7XEILCIV,0
7XS45JLA,1
7YLUOGEX,0
7YY4CSFQ,1
7YZTHWML,0
7Z3PF3ZN,0
7ZI3IWWU,0
7ZIULCAT,0
7ZVDKMH7,1
801JZ4H6,0
80ETNBXN,0
80PSD5ON,0
80PU5ZG1,1
80YDA5LI,1
8177NUAT,-1
818VJKS0,1
81A6OOXQ,1
81KF5YSO,1
81KKEXEP,1
81PO84ZD,0
81VEHDGJ,0
81Z92EBG,1
826Z7IIB,1
82KHXPL1,0
82ORTNK6,1
82WMT3OY,1
8399FEJ1,0
83OLQV4Q,1
83TJITOA,0
83VVP2R6,1
83Y74ZNQ,0
848UCQ7E,1
84LR5E8O,1
84Z5QIA1,0
85XRK92R,1
862JJVX9,1
86CDJNN3,0
86HTFWZV,0
86LEFFE1,0
86LR2FW5,0
86N1CPKU,1
86QM74C7,1
874HDPI5,0
879BFV5E,0
87D3FEWP,1
87LGW8NG,0
87TCDVRQ,0
87X84WMO,1
87ZRGVJA,1
886Q4X8P,1
88E14HM0,-1
88ODFR4B,1
8988MNAM,0
89JYE9SP,0
89TN2CB8,0
8A3A19KN,1
8A5P55ZQ,1
8AFJQCGA,0
8AINBIDT,0
8AR3HVM2,0
8B5LSTZH,1
8B6GUN8X,1
8B75433U,0
8BEB1SLG,1
8BNC4QBE,1
8C1Q3WF2,0
8CL5HA2Q,1
8CN5O66D,1
8CZEPULI,1
8DESXAOO,0
8DJVPSK1,1
8DMAKLLO,1
8E1EMG60,1
8E8UMSI6,0
8EAG30W9,0
8EDXD12M,1
8EJ0NFJX,1
8EN3JD0Z,0
8EQN3ANA,1
8EXPI47L,1
8F2SBMUV,0
8FCISLN2,0
8FOYCBQU,0
8G6AQJD3,0
8GPK17EL,0
8GQE8UH3,-1
8H1VWVGJ,0
8HGFMV3V,0
8HQKUVTM,1
8IBLRV2T,1
8IBXNNAD,0
8IMLTEWC,1
8IQYXPMZ,0
8IS0T0QY,1
8JAV3DH2,1
8JYBKSQ5,0
8K67TBUW,1
8KJ3DPOE,1
8KSOTTAN,0
8KYANMAE,0
8M1L6O3U,1
8M2DOEEN,0
8M5UR6YD,1
8M8O7KQR,0
8MH0H3JI,1
8MO3G59R,1
8NFAZRO5,0
8NKPKY8B,1
8NTIXNC3,1
8NY4FMGA,0
8OFMB0T4,0
8OJ58DZG,0
8P2PPX4P,1
8P4XN2TG,1
8PCYDUWS,1
8PG6KFF0,1
8PX84BEB,1
8QWIWGUL,0
8RYIL72F,1
8S4LE3EE,0
8S9797G5,0
8SDQX9I0,1
8TAWCDWR,0
8TKK4238,1
8TSRG69X,1
8TT30KB6,0
8U30AIIJ,1
8U6JIR9J,1
8VOJ5KTA,0
8VTWHXX8,1
8VZZKKAB,0
8W2Y8UAZ,1
8WGZBKRO,0
8WSIX12O,0
8X5K5WH3,0
8XVA2R7K,0
8XX6XIC0,-1
8Y7T5KIX,1
8YCLOO9L,1
8YGC2PAS,-1
8YJCOB31,1
8YMG2PX7,1
8YNHF5DF,1
8YV3AVX6,0
8YVHBGRU,1
8ZGQ3LDT,1
8ZPI5S6D,1
8ZUBU840,0
90APMOTO,1
90FWI4E9,1
90OZ0ZI9,0
913CJOCV,0
91RAH080,0
9205NYHW,1
928TBM28,0
92DU27AF,1
92HUY0Z9,1
92L5CQZP,0
92UQQCW6,0
932F9HC9,0
93CKUX8C,1
93EG96MN,1
93I1R4F1,0
9444JELP,1
945TBZHG,0
949OITTG,1
94AQWP04,1
94NX9752,0
94PLP12S,1
94T5711M,0
94W1TXTT,1
94W2RXG9,1
957KVNLV,1
95VMP0PL,1
965BUG4S,0
967TC7WG,1
968GUMP4,1
96DULYW3,1
96ZYC6KM,1
97VHOEFA,1
97WVSNS2,1
985LGFEE,0
986LY7HS,1
98C1MDK5,1
98CGFVZA,1
98ZBYP66,0
993R739K,1
994DSL8O,0
996BTOX0,0
997MBJLJ,1
9985VXKG,0
99LQYTMU,0
9A8K4SZK,1
9ANO48R3,1
9ARAURE8,0
9B5P2GAW,0
9BJ05L2K,0
9CDEBZAD,0
9CK9LMD5,1
9CSABIZ2,1
9D8R8TY7,1
9DD9YE48,1
9DQSSZVE,0
9DXTTNQL,1
9E2Z4889,1
9E3YRSDX,0
9F4ABGTA,-1
9F8MZMSD,-1
9FJ45F9U,1
9FN1R560,1
9G3EGFYT,1
9GC4XGAW,0
9GCA0E7K,1
9GI5KFGB,1
9GJLP7I9,1
9GRDOY27,0
9H63SLJV,-1
9I2H3OGO,1
9I96BYIG,0
9IJF8KQX,1
9J8MMBEM,1
9JCCMIUG,0
9JCCUXD9,1
9JKFUJT2,0
9K01CP3U,1
9K1HAXBD,0
9KKPMXBC,1
9KNPYH0E,1
9KUPVLHL,0
9L10IDU9,0
9L2257E9,1
9L3X9AZN,0
9LEEPXXK,0
9LLI0KLX,1
9LRXEPFR,1
9MGWTS9K,1
9MIO2IM8,1
9N0ZGB8H,0
9N3AP91L,1
9N8T6YIP,0
9O03XN7B,1
9O20NRBE,0
9OBCKNZD,0
9OGY96KW,0
9P4EE87G,1
9PWM3K9I,0
9QZ73X5E,1
9R1CMOL8,1
9R9RCPQO,1
9RB238UN,1
9RFDBHRG,1
9RLNEHCN,1
9RLYHFPD,1
9RXUMO4Q,1
9S1MBEJ7,1
9S3XBBJN,1
9SOQ2CVS,0
9SUJLCE3,1
9SX0N1WW,0
9SXPFWFZ,-1
9TK485TB,1
9U0LB4QN,1
9UA6FG4J,0
9UFK7R5C,0
9UH50PQ7,0
9UTWJUII,1
9V2JGLY6,0
9V6FC281,1
9VER7RXS,0
9VF7GEHB,1
9VGLOX4S,1
9VLSF1OU,1
9VTMWFB8,0
9VV52D51,0
9W7M2BLE,0
9W9VCUDO,1
9WEXCGXF,1
9WH6YJKT,0
9WYEGOF2,0
9WZMBX6E,0
9X1OV59S,0
9X2HI503,0
9X4NXINR,0
9XZGLQ0C,0
9YET3X46,0
9YGIG1LO,0
9YH82G7B,1
9YMLBEJN,1
9YOG1X7Z,0
9ZCUSSZ7,1
9ZU2WMSI,0
9ZWO3958,1
A01THK86,0
A0JAN1J2,0
A0O99UMP,0
A1BRFW0T,0
A1J3AV3T,1
A1OE79R6,1
A1UVZKUO,1
A1Y6PAS5,0
A1Y8HKPV,0
A26UQGVG,0
A2CYVHWQ,0
A2FD3MKE,0
A2W881PS,1
A351A9ON,0
A3JVLCT3,-1
A3P27I8F,1
A3VB3JNJ,0
A4BV6A09,-1
A4CXFX3O,1
A4D5GMJ5,0
A4R1XDRZ,1
A4VKFIPM,1
A4WIG4JU,1
A4WNLRQQ,1
A5WD20W7,-1
A61C9LA8,0
A6GCRK4T,0
A6GJBSG4,1
A6GNI798,1
A6JG10KP,0
A79NQIR8,-1
A7AG9GPA,0
A7DYEIMY,0
A7HNHQG5,0
A7LSKLFE,1
A7ROOHBQ,0
A856A547,1
A8FCWRLZ,0
A8HF35LI,1
A8SUU46V,0
A8UPEQKV,1
A96A85KL,0
A9FG28PF,0
A9O58406,0
AA225E8R,0
AAE1KYTZ,-1
AAKHTLUT,0
AAU6YOLV,0
AAXQR5EC,1
AB3AF2BN,-1
AB7TCD8A,0
ABA7VRC8,0
ABFZ2G4G,0
ABJFNT4D,1
ABMZNI4Z,0
ABS16S8U,1
AC1CTJLU,0
ACA8WQK1,0
ACCG757S,1
ACJK6O1A,0
ACRUL2M4,0
ACXSGFH9,0
ADJ7G4S6,0
AEE8B0EF,0
AEJH29YV,0
AFDTSVAC,0
AFDXLFLX,0
AFG0ICN1,0
AFVFGB3U,1
AFYZHKGG,1
AGAGWCXW,0
AH4GNBB2,1
AHRU4NRE,0
AHVETN20,0
AHYXWEB1,0
AI7Q9DOV,0
AIFQG7ME,1
AIS9P9TF,1
AJ1BWJMD,1
AJ3KT4OB,0
AJDC9IHE,1
AJMQGJG5,0
AJSIX3OG,0
AKCDEWI1,0
AKF3U4PT,0
AKF7N1ZG,0
AKM0JXQJ,1
AKP12BK1,0
AKVZKHDM,0
AKX9G722,-1
ALBBDSKS,1
ALMQXHMI,1
ALQ2CX74,0
AM1RKYD5,0
AM7991TA,0
AMAO5UCR,0
AMII85FU,0
AMS2BN3Z,1
ANPENEJS,0
AO0L7112,0
AO1D3OTO,0
AO65W7J5,0
AODPPJVU,1
AOJ79UYR,1
AOUK38RQ,0
AOXLW85Y,1
AOZQBGYG,0
AP6MZ5K2,0
APLP0N8O,0
APVZSX0D,1
APYJUYV2,1
AQ2HOF1A,1
AQ4SBH24,1
AQGVYQQO,1
AQKBUB9S,1
AQKDC9JN,1
AQMA0O5I,1
AS0VNA0Z,0
AS0ZJVUN,1
AS2MCT73,0
ASKRDW4O,0
ASL3TUFK,0
ASU92FHG,0
AU3LAENJ,0
AU66ZLE6,1
AUF0PJ7A,0
AUT8Y06K,0
AV00VR3P,1
AVMG5GVA,0
AWOJBWX2,1
AWTCWGY8,1
AWUMBL0M,1
AWVZ2JYM,1
AX0U19VK,1
AX8ME48C,0
AXF90AID,1
AXJGM78S,1
AXQTRQ29,-1
AXZVRFMS,1
AY0QTNDH,0
AZ1DNAKC,1
AZ3PGG38,0
AZ3WAY0O,1
AZ5JOXT9,0
AZS5WZQL,1
AZX4VHK0,1
AZXRLNKW,-1
B0UUYUG9,1
B0Y0UJUE,1
B18C1OAN,0
B1NDOK02,1
B1R8RHD0,0
B1T48VH7,0
B1TARAX1,0
B20B0DVF,0
B22XSBKV,0
B266NXRN,-1
B28UJAB6,1
B2MLB5EW,0
B2NGHBYT,-1
B2RH3KPF,1
B2THWXWH,1
B2UI8S0S,0
B2VR8KJV,1
B2Y5XNT7,1
B38X3QBL,1
B3N439YR,0
B4BHQR2T,-1
B4C90463,1
B4ECIEOG,1
B4HN47MW,1
B51G85HB,1
B541HJWH,1
B5LXPH0Q,0
B6K2QNBG,0
B6SXNFO4,1
B73XO1R6,0
B7DKF1P4,0
B7MFHNMX,-1
B7OFCW93,1
B80TQWEA,0
B84YGB99,1
B8BOJ18V,1
B8FRS34E,0
B8HJFO15,1
B8HY1QIM,1
B8N7FMAU,1
B8NBPCYH,1
B8RO9YVF,1
B9EQMC23,0
B9OBPI5N,0
B9SWSICT,0
B9W1YCWS,0
B9ZVGIVO,0
BA623SNR,1
BAEHAWOI,0
BATJG692,0
BB2Y3CU6,1
BBAPY3MW,1
BBEIR14H,0
BBOBGZU9,1
BBQAGMA2,1
BBQYW2X7,1
BC6ALK75,0
BCGRAP58,1
BCJ4KT7J,1
BCMY9CFO,1
BCQIGSNY,0
BE9HOR69,1
BEFE3ENT,1
BEHPEM2R,0
BEK114YK,0
BFI3PR7C,1
BFRSGQDC,1
BFWOXHUY,0
BFZSB1WV,0
BG0XXQ1R,1
BG29DYY4,0
BG5PLGWP,0
BGAJ3N20,1
BH2HIVPU,0
BH7Z5ZQE,0
BHBDZGXO,1
BHFGZH0Q,1
BHJNV5EG,0
BHMSNM2O,1
BHTGC09S,0
BI3TFZFK,1
BI7BYIJ2,1
BI8FIRW5,0
BIIBVVNN,1
BIS3W4DL,0
BIX4TIQQ,0
BJPMNVOB,0
BK5PSPCO,0
BKKGH67U,0
BL2DPQMW,0
BL3UFMYP,1
BL53O9GH,1
BLVUITP3,0
BLZLWGQN,1
BM4F5RXE,1
BM7S56G2,0
BMKIUK8B,0
BNHVALIW,1
BNKWV62L,1
BNSFZRGP,1
BNV0XQBC,0
BO1FFB1X,0
BOVQRWJR,1
BOY9FRA1,1
BPGDAEFC,0
BPROQZF7,1
BPUK2JX3,1
BQIPQVDA,1
BQQMS83D,0
BRAKZ2MT,1
BRWBHK7H,1
BRY9VDTD,0
BS6J6LNI,0
BS75RPNP,0
BS92PAO3,1
BSVJ74OX,1
BTCMF1Q4,0
BTRBDKH9,1
BTUC4GWY,0
BUPU45CZ,0
BUXCVL48,0
BV6W74YS,0
BVOXIBWE,1
BVPREKSM,1
BVSWDWCQ,0
BW2YTU0O,1
BW7WOVF5,0
BWSZJ69S,0
BXC5CDRH,0
BXES6ZDS,0
BXETQIQ5,1
BXTTCYJY,0
BY09OFAE,0
BY4MQFZX,0
BY9MOLBQ,1
BYJ4549Z,1
BYJKDKSL,1
BZHNUFYK,0
BZVKZJ7J,1
BZWE6QA5,1
BZYOH81J,1
C01SWA8D,1
C0398QFC,-1
C03IS4OH,0
C05JARIF,0
C08B90U2,0
C0CKVJ52,1
C0SEYF71,0
C0WWNCHC,0
C1IRHN1R,0
C1ZE9FXC,1
C228FU8B,0
C299NP1T,1
C2Z16BRR,1
C30IZ1V5,1
C3HGPXKK,0
C46QVSLX,1
C47U650I,0
C4FPTUH2,1
C4PULPEC,1
C4QK9T60,1
C4V3W9YI,1
C4YDHEIY,0
C61TBMN3,0
C6BJDK5G,0
C6NVP1RT,0
C6SA3BCX,1
C6T39T8I,0
C6ZKTL59,1
C75UTNFG,-1
C7I42WHW,1
C7JD348H,0
C7QDJKZK,0
C81ERMX4,0
C83HP3HO,1
C859X85T,0
C85DF71N,1
C878LNUP,0
C89PDYBC,1
C8BCDYX1,1
C8CS96CG,0
C8SBGC5E,0
C95M8Z5Q,0
C97HLZIO,1
C9QNPEYU,1
CAJA5U9J,1
CAWLUUBJ,0
CB54ZSK3,1
CB5EP8JO,1
CBLTKAXX,1
CBVABJ60,0
CC6ZIK7L,0
CCLEFVNU,1
CCTYPL5Q,1
CD03OHC8,-1
CDQOKR51,1
CDSE2298,0
CE2IR07V,1
CE9B49IR,1
CEAN8JYY,-1
CEBWWV7Z,1
CEKV0V78,1
CEO2FJ0E,0
CEU51A75,0
CFC02V0Z,0
CFE3PL2M,1
CFG14M4Z,1
CFYQZK9L,1
CG1RJNOZ,1
CG2L4BF6,0
CG2W9W41,1
CG2ZQH5L,1
CG3I06NC,1
CGHIGUZT,1
CGK1HOPH,1
CGLNSFMT,0
CGNE5NM9,0
CGQQ29H9,1
CGU3MEYG,0
CGX8H4SM,1
CHDBU27V,0
CHLBMU0S,0
CHPXG1UM,1
CHZ6O7ML,1
CI6IRUOW,1
CIHBEWPL,0
CIM6V18E,0
CJB6SN1Q,1
CJQTGLVU,1
CK8ZGQI9,1
CLBSJ4OE,1
CLI1H3O8,0
CLSMLIEG,0
CM8NXDKA,1
CMKDBYOA,0
CMT75TYY,0
CN604536,0
CNCGM7L4,0
CNR7Z4A0,0
CNS80WN3,1
CNUTL8US,1
CO7TZAMT,1
COC0A5DD,1
COCGHLJI,1
COOM4K1B,1
COP7ZRGJ,1
COPTF75L,0
COWJYMLI,1
CP30X5EN,0
CP3CBGRE,0
CPCXDMH6,0
CPECDIRZ,0
CPJLSDF7,0
CPNU3KGI,1
CPXRKN8I,1
CQETRMTW,0
CQLTOY0T,1
CQN6GIV3,0
CQQTU623,0
CRKN2TE1,0
CRNT4SEU,1
CS16VLIO,1
CS8V7JNY,0
CSEJ5GDI,0
CSSAD6N2,0
CSVNGUAV,1
CT2PJ7IX,0
CTAV82DS,1
CUEB0S01,0
CUOZI0BW,0
CV38Y0GF,-1
CV6WSQKG,1
CVL628K5,1
CVSK6Z4A,0
CW00JMBN,1
CW79VH9K,0
CWD1ADPD,1
CX3Z88B2,0
CXGKK8CA,1
CXTW3ORK,1
CYEC7EV7,0
CYL7ZGIW,0
CYN6ZAP9,0
CYY97ALW,1
CZEDQ5N5,1
CZGWUKUO,0
CZL870RI,1
CZP0YJ1Z,0
CZRDZAJY,1
D036Q4KF,0
D03SMBZL,1
D07CD0BB,1
D1D2JH3Z,0
D1ILXHV7,0
D1V4W5RK,1
D20L6DYX,0
D2EDAPT9,0
D2L5KZ04,0
D37BQQ54,0
D3Q07LQV,0
D3T62AP2,0
D40TZFC6,-1
D44ZA7NR,1
D46AO2FG,0
D4DQY8ZB,0
D4E3WO5T,1
D4SDHXXI,1
D51V4NB1,0
D53JRGXW,0
D586K4FG,0
D664EG48,0
D6F5JHT8,-1
D6K7OL14,0
D7412ZZP,1
D76BUGUP,1
D76LRBCW,0
D76TV41L,1
D79QE2JB,0
D7ORJK94,0
D7XGTL3V,0
D83WTNOH,1
D8HQ4I35,1
D984JALI,1
D9DHA76D,1
D9EN2KAQ,1
D9PGX44X,1
D9SZ8RJN,0
D9UQTS1H,0
D9ZRROQA,0
DA2OR4SI,0
DA7YDV36,0
DAA38SNS,1
DAFOY58P,1
DAUZY6MI,0
DBD2QNQB,1
DBZYXYHR,-1
DCBXUUBT,1
DCLFJE6H,0
DCW8DFB5,1
DD2MIHK3,1
DD3VNKCA,1
DDJVXXZ9,-1
DDOY32KL,0
DDXS8F4T,1
DEC73HX3,1
DEGLGPQ9,1
DF4UPA12,0
DFGE9CSJ,0
DH6GOI1S,1
DHAMZJ58,0
DHGHBTUT,1
DI1S6UP4,1
DI4W2R6F,0
DI7DIWYM,1
DI971IR9,1
DIB39UCV,0
DIJBW3YH,0
DJ289Y93,1
DJL5M5FD,0
DK3SVI9B,1
DK4HURHV,0
DKBOGA2T,0
DKHBFQWE,0
DKWSJ3UQ,1
DLC6SSQS,1
DLC87KV4,1
DLIB10ET,0
DLPO4GWH,0
DLV43QPK,1
DME0EB36,0
DMIG8029,1
DMOBMASL,0
DMTTUP4M,0
DN0G6M3Z,1
DN7SKDBZ,1
DNXYC0BR,0
DO4Y9TFM,0
DOQKE1LH,0
DP82H0HV,1
DPAG0AJV,1
DPET06HG,0
DPTBVVF7,1
DQ02CPJD,0
DQNEQSBA,1
DQSISV4J,0
DQSS7PB7,-1
DR63XM8U,-1
DRNROE5W,1
DRZ6EFI6,1
DS626OGN,1
DSFKAPIQ,1
DSYOEX4Z,1
DTEZHTSH,0
DTKHQC05,1
DTNYR613,0
DTST1JDY,1
DUFY5FJH,-1
DUHG09Q6,0
DUKJ2WWZ,1
DUSKXOAZ,1
DUT464DK,0
DUU37K0X,0
DUUKTILA,1
DVAVFME1,0
DVC46J8F,0
DVVX18W0,0
DW6ILXAA,1
DWDOL54I,0
DWHUSMJN,1
DWMT3CWK,0
DWPYUSLL,0
DWVOM3EP,1
DX0DL83P,1
DXWPSQY5,1
DYA9XE9T,0
DYDLEAK2,0
DYEJV9D9,1
DYHMM8FE,1
DYIY51F6,1
DZ4FZD1Z,0
DZ4GAUDJ,0
DZHTUWX0,0
E0GRUEO2,0
E0JU5WEF,1
E1DH0BH8,1
E1MTNO8G,0
E1NIH2LT,1
E1NS5U65,0
E1PHGLFI,0
E1SCV5V1,1
E1YABLYT,0
E2PWEFCJ,1
E2TY8O08,0
E307WQ6B,0
E3SP6CT7,1
E3UWMUUA,0
E4DTIBCY,1
E4GDOHUD,0
E4SI7BSC,1
E55BTB44,1
E55CZND3,0
E59PQHRC,0
E5ABZE2B,1
E5ILG5M2,1
E6A5F2EK,0
E6Z0DZCK,1
E7ERXLBH,1
E7XTMSXK,0
E8573DV7,1
E9A16MYK,1
E9XF8SU9,0
EAJ0YICR,1
EAZ32RDK,0
EB2E4NZ7,1
EB7ML9LB,1
EB8TMR0U,0
EBLPGCZ9,0
EBMQ2LOT,1
EBUPSKA3,1
EC0U5QZF,0
EC2CRX49,0
EC4A3BG1,1
EC7WEP94,0
ECCQ54GQ,1
ECHA4DJ9,1
ECJ6PISV,1
ECTC5AEJ,0
EDKVKXAU,1
EDRLD6I2,1
EDTKWEY4,0
EDTNZ12K,-1
EDZT4DV5,0
EE4Z5185,0
EE6T837H,0
EETTZK0I,1
EFGF2V8G,0
EFRL5MU0,0
EG07X27E,0
EG8YEXTU,1
EGG8Z0TG,1
EGYGGA7T,0
EH392MU9,1
EHXAVMB6,1
EIEQVZ5X,1
EIYBAX9R,0
EJ7LG2VC,0
EJJN2WY2,0
EJMKIEKR,0
EJPFCNN3,0
EJSRIWPZ,1
EJY05XPG,1
EK10PB25,0
EK3ALMAI,0
EK5Y7ELJ,0
EK6LT2QV,0
EK9K56OZ,1
EKVBZI1L,0
EL0LIWOV,0
ELQHY633,0
ELRNDWX3,0
ELUI7TBO,1
EMFYSXPN,1
EMSUYELM,0
EN97JFDC,0
ENEGCBS8,1
ENQSOLE5,0
EO8PR7CZ,1
EOADLUYB,0
EOK9VW8H,1
EOZ4UBNV,1
EP15TLRW,0
EPP7CHV5,1
EPUTD59E,1
EQ3WHHVY,1
EQ4FJ4S2,1
EQBE4DGR,1
EQJ0QRIY,1
EQKQVXLA,0
EQT2836T,0
ER3DZ12N,0
ER51M3PN,0
ER6P0JZZ,1
ERCN64RK,1
ERQNXY1N,1
ES88F6IJ,0
ES9XN5GU,0
ESCK4EI4,1
ESMS5INL,0
ESYMLARB,0
ESYRPAFY,0
ETBLRBUS,0
ETD4F6R5,0
ETJ9VH9U,0
ETM5U0YR,1
ETNVAIC9,1
ETR43VX1,1
ETSMAJ3D,1
ETYBQ3S6,1
EUALANQB,0
EV8ZRA0W,0
EVBQO10J,1
EVFBMPB0,0
EVV9PD81,0
EW6KEC7D,1
EW95LOMC,0
EWVD0JGN,0
EX1ATQGB,0
EX4PXYK5,0
EYF1LF6J,0
EYSQ87Z4,1
EZ7RJD6Q,1
EZA15KZA,1
EZEZD6VL,1
EZHW19KP,0
EZK6AZSX,1
EZM21OLT,1
EZYT6Z41,1
EZYZ41YK,1
F09RA1XW,0
F0EL5UOQ,0
F0P0ZO66,0
F0TINEDO,0
F13OBIMF,1
F19UZ54J,0
F1LZEK58,0
F1O8HIW3,0
F1SRAJ95,0
F1THQUUF,1
F2443EYO,0
F247M7IA,1
F290INY4,0
F2M5796C,1
F2ZT0NJJ,1
F398M2P5,0
F3O79UGT,0
F3RWM7KO,0
F4AG7ASC,1
F4WUTYVR,1
F52R3JTH,0
F55KJ8Y2,1
F58FHZDS,-1
F5E0L6R0,1
F5I5PCTC,1
F5K3ELGG,0
F5LK0C8Q,1
F66TKG4Q,0
F6BQM770,1
F6IK14CZ,0
F6O58XB4,1
F7REVCDV,1
F7ZOOMGR,1
F856TTAP,0
F8BCNW2B,1
F8CLZLY1,1
F8DTCWIP,0
F8FXEB46,0
F8X28O0B,1
F8Z3GIS4,0
F99NH30T,0
F9DXZUW0,0
F9KMLDNX,1
F9N9OQH7,1
F9QGHTNK,0
F9RBVN00,0
F9YI608K,1
FAQO029H,0
FB2TECGY,1
FBITB56E,0
FBXF0T0V,-1
FBYECAVJ,1
FCU3MU6U,1
FCU9W7QZ,0
FDKCHZZL,1
FDW0FG2V,0
FEGUJDYQ,1
FEPNYBAX,1
FF786H6G,0
FFC7G9SA,1
FFQE0W9O,0
FFYYMCYY,0
FG5WYZQX,0
FG9OCRSM,1
FGEAI0B3,0
FGPRRQCP,1
FGQZ2D8Y,1
FGV1I892,1
FH0D5KVN,0
FHMQ4JWF,0
FHWDS5OA,0
FINK57PD,0
FJ1E6X4G,0
FJVMJZNI,0
FJWP431B,0
FK15FK6W,1
FKAZUL8E,0
FKEZ984A,1
FL5RPMJK,0
FLZ9EUHU,0
FMBEPMM0,0
FMD7DOFT,1
FMH9VA3C,1
FN1AO5AX,1
FNKFFOI2,-1
FNTGTN8M,0
FNTKAQPG,-1
FNTZNR31,1
FNWHWUDD,0
FOC8CRDA,-1
FOMQX94Z,0
FOVT57F5,1
FP45BPZH,0
FP77BWTK,1
FPA6PKHR,1
FPAMRTWD,1
FPSW9743,1
FPU57H4J,0
FPZWRFKK,0
FQ1IF5C2,0
FQ4EG3UT,1
FQ6TB98P,0
FQ8XN6IE,1
FQXVL76X,1
FQZ0H6NF,0
FRCCDP6J,0
FSCJTCPI,1
FTM485HD,1
FTWTSIZG,0
FTWVVBT4,0
FUBVTNR1,0
FUHRHS9B,0
FUIIBUX8,1
FUMY68LM,1
FUOJSDLS,1
FURS74ET,1
FUVYENHS,1
FVSR692G,-1
FVVMKAI4,0
FW0ZE3CA,1
FW9CVKXU,0
FWCZF04P,0
FWN9G3WT,1
FX33OB5K,1
FX46MH19,0
FXIAG3SS,1
FXKYV1GM,1
FXYJCYL8,0
FXZKS9O0,-1
FY1Z5Q1V,1
FY5FJAJF,0
FYY5PVTA,0
FYYML25S,0
FZDXZ7SY,1
FZLDUOMO,0
FZRVTVKJ,0
FZZGGCR5,1
G013ZVRW,1
G0PKCNBK,1
G0VSFANS,1
G179TUSN,0
G1AASNXN,0
G1CMH2X4,0
G1H1D0FX,0
G1KOL097,1
G1WX4DDO,1
G24TL61D,1
G2BXV6E4,1
G36RYIZ1,0
G39FXY36,1
G3OHQC7L,1
G3PAD3UM,0
G3PTYEJO,1
G41A2SAK,1
G4BZPMZ9,0
G4H2OCL9,0
G4LMG2NE,1
G4TYO7UB,1
G4Y62JH9,1
G56C48CO,1
G59UVF28,1
G5JTAYGK,1
G5KHXBQT,1
G671MMNA,1
G69CE0H9,0
G6JAARAO,0
G70TGOWL,0
G713TUY8,1
G7AFBJO4,0
G7FZRQAI,1
G7OTFLDC,1
G7VBAZVJ,1
G8FYBCA7,-1
G8OCU2CO,0
G8OEVWRQ,1
G8W5DTGM,0
G8ZSRIVK,1
G91NJ2CZ,1
G927MPBE,1
G95JLPJ8,1
G9DQ8SJU,0
G9M790IW,0
GA2GUHTJ,1
GADCQV3T,1
GAL35EAR,1
GANYR94E,0
GB9MF9CH,1
GBDRLD55,0
GBJOBXQW,0
GBXXQ98B,0
GCEL7H63,0
GCHBUGD5,0
GCMYGIQT,0
GCVK6O6E,1
GD4QCOU8,0
GDDFV6J7,0
GDFUIONE,1
GDUTYNOU,1
GDZ5UPY7,0
GE3XVL73,1
GE7HW6SA,1
GEJ26BYT,0
GEKJTZSX,1
GF729D8F,0
GF7TILYS,0
GFC3HRE5,1
GFIQ0R6L,0
GG0IB63H,1
GG44GMHZ,1
GGEKAXY8,0
GGFOGCD1,0
GHHTP54D,1
GHIE2PE9,1
GHSD8X13,0
GHW2LSNN,0
GHWXJOA0,0
GI1QUFGF,1
GI3BVULR,1
GI6BF37V,0
GI9CIVYY,0
GIH2SICH,0
GJE6ERJE,0
GJU35JC1,0
GK46QE7C,0
GK8MCP80,1
GK9T3AXE,1
GKR5SWMA,0
GKSOI479,0
GLNFU9N2,0
GLPHQDMD,1
GLUGWIYL,0
GLWKBB85,1
GMH4MNYU,1
GMWRCU8I,1
GN1S77F5,1
GNBOTC23,1
GNEDBTOC,1
GNKAMOII,1
GNL5WQ3Y,-1
GNTC4VIQ,0
GOWT03XT,1
GP7EFTB5,1
GPCNBN4T,0
GPD5JYP8,1
GPG154ZL,1
GPGIC4YN,1
GPGVW8KX,0
GPOBN9LP,1
GPSKQWIU,0
GQ89V5C3,0
GQM8QQPZ,1
GQSCROVZ,0
GR37IZFA,1
GRKU0LYL,0
GRLDRFSU,0
GRQUOUPF,1
GRRE7UVA,1
GS6DKKP5,1
GSCEW1Q8,0
GSD2H69B,1
GSEV4CEM,1
GSEZPBNE,0
GSKIFGSL,1
GSTU11AI,1
GT1OC86M,0
GT7E75OA,0
GTER9LM9,0
GTTJWA2Q,1
GU08J8U6,1
GU5XUIME,1
GUDEHB95,0
GULVEZ1F,0
GV4J6077,1
GVDKFNN8,1
GVDNNXIR,1
GVLWW7ZB,0
GVSMHIGI,-1
GWRH6FD9,1
GX228KF5,1
GX9SNE69,1
GXA7A3ZI,1
GXEMGP0F,1
GXLUS15C,1
GXRCDC7Z,0
GXSDPM2J,0
GXVIQ8CU,0
GZ2AC4L2,1
GZ5H5DPX,1
GZUEIOWV,0
GZWH0IHL,1
H0LGVE5C,0
H0UHL0KP,1
H0VUUY2P,0
H1DUERSG,0
H1R4XS71,1
H25E3G9P,0
H2ACXEEW,0
H2KFHID9,0
H2MA7A1N,1
H2MLQQ7U,1
H2MZD27F,1
H2N1VTT9,0
H2N9C7II,1
H2TRLWLH,0
H3DHHEDJ,1
H3G2GEJF,0
H3U22LBP,1
H3WE0UZ5,0
H45HFST6,1
H4B3W6EV,0
H4I279KO,1
H4V8RIVH,0
H4XDALHJ,0
H4Y829R9,0
H4YU15YE,0
H51K0IG4,0
H583DDM1,1
H5RRV6TJ,1
H5X2VSDP,0
H60VPS5R,1
H6BPUADP,0
H6CEA38V,1
H6GNXZL3,1
H6PCIWOF,1
H6YAAY0L,1
H7AI7RWE,1
H86MTFLL,1
H8MF1LXL,0
H8PNUPOA,1
H967JB3T,0
H970SF96,0
H9H0FG4H,0
H9V3GG4N,0
HA1LJ56Z,1
HA9OED1C,1
HADJX3M4,0
HAZEDXJ5,0
HC21RJGA,1
HC8CJQPT,0
HCFEN1L4,0
HCLWW8SX,0
HCSQ09E2,0
HD5X7H39,0
HD9PJQ1U,1
HDOJ8MPZ,1
HDQ3RGFW,1
HDRPXK63,0
HE5TSC9C,0
HEAG7HXM,0
HEFAUISQ,1
HEP9TB6D,0
HF30N28O,1
HF69YJI4,1
HFALKNUP,1
HFKDIABV,1
HFO4K8IK,0
HFVK7D28,1
HG70P7WP,0
HG8OFOEV,-1
HGK0HTVQ,0
HGNSRDJ7,0
HHPUV2WT,0
HHXHDK0N,0
HI6QXLT7,1
HI90GA0M,0
HIX2DWOH,0
HJ9NPRVJ,1
HJBBWAYV,1
HJDJ2J87,-1
HJDKN2YE,1
HJHWX3TI,-1
HJP7YQ6P,0
HJRFVFJ5,1
HKHOSL9D,0
HKI5M9JI,1
HKP73GRQ,1
HKPRNWEJ,1
HKW4FIFL,0
HLAS97C1,-1
HLFIRZ4E,0
HLIQJUYV,1
HLOMGI66,0
HLTV1MFG,0
HLVAM2JJ,1
HM081Y7L,1
HMAHIKRO,0
HMTNTQWR,1
HN6LR7QV,1
HN9UX47Z,0
HN9ZIK5N,1
HNJQN4JQ,0
HNKR2B9Y,1
HNLFZK9N,1
HNSDSTSO,1
HNSF9DNK,1
HNWZ4T6Z,0
HON40QKU,0
HOQPB9P5,0
HOTO69JY,1
HOV3JKEW,1
HOWFA2LR,1
HPB0B7Z0,1
HPMPTS2L,0
HPZ326BG,0
HQBZSNGC,1
HQU4QQHK,1
HRHWET4B,0
HRI6G8RR,0
HRZ2VRTZ,0
HS1MONBW,1
HS6IYPSB,0
HSAAACYY,0
HSDGTMLM,0
HSGYXDL8,1
HSV70MNB,-1
HSWJZU31,1
HT2HM1VT,0
HT3LAD1G,1
HTSR0QXU,0
HTTEJKUC,0
HTXM0NYS,-1
HTZGD9RP,0
HUZ43M8L,1
HV1JRA0C,1
HV2YRV2A,0
HV6GMH4X,0
HVM8M01H,1
HVMNRS32,1
HVQJOXX8,1
HW1QZLW2,0
HW5WWP1L,1
HWDXFRG1,0
HWIGCYS6,1
HWJOIMMN,-1
HWMP12BO,1
HWVZTAID,0
HX6UTURW,-1
HXE7QQKA,0
HXGKMCFK,1
HXLRACYV,0
HXURNGW5,0
HXVMWIU7,1
HXY2FGK8,1
HY2FYONQ,1
HY2JG54L,1
HY45PJWI,0
HY6CWTQC,1
HZ26YGZT,0
HZ5OBICH,1
HZRNXCHG,1
I08DO8G4,1
I0JPCVPL,0
I0NIR0P4,0
I0RX4QPI,0
I0UHRIQ2,-1
I0WA8XY6,0
I1RYVX2F,1
I236CRBW,0
I27QR9DF,1
I2OPIATT,0
I36522XL,1
I3CPGCWF,0
I61I1BH4,1
I6A06NHG,0
I6CCN8LZ,1
I6FQORWU,1
I6L5YH32,0
I6LEIJO9,0
I6RCTNPF,0
I6XQXH7B,1
I7HCL8NX,1
I7IJKRH7,0
I7QY37P6,1
I7TPKL2K,0
I868Y15U,0
I8PIZK09,0
I90JOC64,0
I92DFRSK,1
I92E3401,0
I9BP6B7X,1
I9FSICRM,1
I9IY350J,0
I9RSWSQC,0
I9RVFRB5,0
IA54LI5J,1
IABE0W8Y,1
IADZ24L1,1
IAFFEYKK,1
IAR93DLV,1
IAUHF1D1,1
IB35HDGU,0
IBBF0B5Z,1
IC6BLZF0,1
IC8U7S4H,1
ICA3W7RF,1
IDV50M9C,1
IE1VCYRU,1
IE473CFX,0
IE5Z3OWJ,1
IE9BYICZ,0
IEFP57RT,1
IEOE7AL0,1
IEVEZU5W,0
IEVPB2Z5,1
IFIARYSM,0
IFIN0QAG,1
IFO48VOO,-1
IFQKOR85,0
IG0IEBH6,0
IGWLIRE7,-1
IGZIYGDL,1
IH2IUS9A,1
IH8KRUQA,1
IH9DQS1F,0
IHA1AD23,1
IHHDRNBJ,-1
II114I3R,1
II69E4RK,1
II9IPK8S,1
IIHUVYEK,0
IIODVH5R,1
IIQDL3LB,0
IJV7IJ0Q,1
IKIJE1TN,1
IKINJYIL,0
IKLR54JC,0
IKN3L02P,1
IKOKLGB9,0
IL0J6CNW,1
ILOOI0TO,0
ILUGJCWC,1
ILXAOXOO,1
IM3RZ1WQ,0
IM4F9QYX,1
IMOO0BL1,1
INIMNAZC,1
INM24VCA,1
IOB8FVB9,1
IP85P5J7,0
IPRX8HBO,1
IPVKGN4B,1
IQ2DAOKF,0
IR764VVQ,1
IRJK656V,1
IROD47AX,0
IRTQ7920,0
IS5B6I0N,0
ISOO8EER,1
ISS4DGTO,0
IT1DY9VQ,0
IT6KM141,0
ITC3G5AQ,0
ITYOWVUJ,1
IU3K3Y9Z,1
IU5HH940,-1
IUCQIEX2,1
IUO4Z3RX,0
IV27648Q,1
IVKL4NZ0,1
IVOPNL64,1
IVW338IK,1
IW2RGO5J,1
IW4D49I4,1
IWA3FU69,-1
IWBYLFHS,1
IWG301Z0,0
IWLGYWRK,1
IWOLGAUO,1
IX0XXFC8,1
IX670P71,1
IXDNKMUN,0
IXI0NBPC,1
IY3WCYRE,0
IYDV8EVT,0
IYSX9FMY,1
IYSYIV2B,1
IZ7YWLJO,0
IZCIGIUP,1
IZTMDGX5,1
J05ZM4CI,0
J0MM9XWC,1
J0P1ZWIM,0
J0YLIMZO,0
J19VIGBP,0
J1E3QXKJ,1
J1QKIJPW,1
J1SAUVBC,1
J1U8ASCC,0
J2UWRBML,1
J3504GX5,1
J36IZ34J,1
J3EH28JT,0
J3FTK1VW,1
J3RL1ZCI,0
J44SNXW3,0
J4HHAHVW,0
J4MGAT73,0
J4S0SYBQ,0
J4TJ1XDZ,1
J53XZXXE,1
J5ADAWLF,0
J5FG3XN0,0
J5JSOUZA,0
J5K6OL12,0
J6FQT6YZ,1
J6IFAS3F,0
J6KCSKKH,1
J6P67LYE,1
J79601FF,1
J7R719UI,1
J7ZOSDZZ,0
J87DE2SJ,0
J8H2SYGI,1
J8L6SQDM,0
J8LXKVRL,-1
J95TDT2B,1
J97OKD53,0
J9SOFBE1,1
JABBSACN,1
JAF58WBE,0
JAU4TE6L,1
JAUOJU9J,1
JAVZGX9S,1
JB1JEEIK,0
JBBSC28K,0
JBNB6K65,0
JBP0RFI8,1
JC23CRBA,1
JC6GRW4F,0
JC6PIWIP,0
JDHVEPOK,0
JDLMXCKF,0
JDQILGT4,1
JDQOKGPP,0
JDT7XYQM,1
JDTU1AHU,0
JE2B39W7,1
JF9J5YDP,1
JFA12WDV,1
JFF8E45P,1
JFLH26MV,1
JFVV7B6G,1
JG0EUM8A,1
JG5O5ZW8,1
JG63ZADK,0
JG9IKHFN,1
JGLOIW0V,1
JGTZKTK3,1
JGW7XK8G,0
JH8CGQQ9,1
JHRXFHFZ,0
JHTKGLMK,0
JHWAQWJL,0
JIIU1WBL,0
JIO7UTNW,1
JIV45FWO,0
JIWNKVIX,0
JJ6HJHLF,1
JJ74AEJB,1
JJLBDQ1I,1
JJRFDTGM,0
JK3FW610,1
JK620VXQ,1
JKHOH1FO,1
JKK82ZOT,0
JL92HH96,1
JLL9110V,1
JLWSWPTZ,0
JM88HBKJ,1
JMBOCI7K,0
JMRI9D7D,0
JN4QRNZ5,1
JNA8KC5U,0
JNAPXQY3,0
JNG8R7HX,0
JNKSW9GJ,1
JNN30S62,0
JO49RS5C,0
JOBAT0IP,1
JOGWQTVA,1
JOJU4OMC,0
JONAMGQL,1
JOSARATY,0
JOTCWP3Y,0
JPT2J2QP,1
JPZD9QZ3,1
JPZO40B5,0
JRNION1L,1
JRNL4JNK,0
JRR8JN5C,0
JRS0DOP8,1
JRVHMXFF,1
JS4JCHNP,1
JSXBU59V,1
JT8VAC7Z,1
JTDTE5Z0,1
JTP8ZEPB,1
JTPITCCE,0
JTVNBJKI,1
JUDZST95,1
JUOCEY5T,1
JUSSS7WB,1
JUU3XBUQ,1
JV3KXRGX,0
JV589LW4,1
JV70YCUO,1
JVE2UC2Z,0
JVQFTA5D,0
JW3NXLFO,0
JWU2QWPI,0
JX5FFYQR,1
JXC7V3H5,1
JXIDN4I6,1
JXLR6SJ1,0
JXU21G7X,1
JXZG01MR,0
JY04WTSG,1
JY7G1RTZ,0
JYH1773O,1
JYKMISSA,0
JYKT5IEZ,0
JYQANW5O,0
K01Z5CO1,1
K0N00EQQ,1
K0R0170A,0
K0S4WHK3,0
K0YK0SRJ,1
K193D7UH,0
K1AYJW31,1
K1JT42Y9,1
K1LPRQZ5,1
K1R21HB1,1
K1Z6IPR3,1
K22JLAT4,0
K2GPR0WL,0
K2K90KPI,1
K2N78827,1
K2Q6RYUX,0
K3BQVYG7,0
K3OFEFDO,1
K3OUGOGV,0
K45ZV1YY,0
K4FNGP99,1
K4KXO1ZV,1
K4OHNQEX,1
K4Q1BPWH,1
K50HC4ZQ,1
K5RKNI5N,0
K5RPD64I,1
K5SCHOOY,0
K630IBYI,0
K65DT6Q7,1
K6S0J8JH,1
K6XJHF81,1
K72XYJIH,1
K7A38DJK,0
K7ARNSPT,1
K7K2DBM8,0
K7MQNN4L,1
K7TYU59R,0
K7YI3UWS,1
K8COJOMH,1
K8F29AYF,0
K8FACAY4,1
K8NLOD80,1
K9VXRJB8,0
KA6QIVKL,0
KABC3OWN,1
KAD1WPSL,1
KALO3JN1,0
KAOUVTNR,1
KAR36FDY,1
KBAZN4T4,0
KBEYW52R,1
KBM05RDD,1
KBUFXW99,1
KC1IQ5A2,1
KCC0JDEZ,1
KCEQX47I,1
KCT9AV9I,0
KCXA1TYM,0
KDDD2Z9I,1
KDIWGQ64,0
KDL23SSF,1
KEJS0J7M,1
KEK2UFA9,1
KELDP8XQ,0
KEWB5QR0,0
KEZ9G630,1
KF4OPPPD,1
KFB204SS,0
KFOITYU2,0
KG1Y5SHW,0
KG4VYIVE,1
KG507QNE,0
KGCTXH0Z,0
KH1O6RDL,0
KH1VLV49,0
KH9RXGI1,1
KHCYTUPD,1
KHR9IX05,1
KI132IAJ,1
KI1DOGTK,0
KIB1DGHX,0
KIF4QP33,1
KIONN7Q3,1
KIRP7W8P,0
KJS7EH4C,1
KJUVERNO,1
KK3Q64XI,1
KKDE8S8B,1
KKUI6S9U,1
KKWSORWP,1
KKZS9C4U,0
KLFHWVMQ,1
KLK9IJ30,1
KLPW57K8,0
KLT80ONI,1
KM38V0RF,1
KMBMDVUM,1
KMOV9OV7,0
KMVPNSVM,0
KMWU6EM0,0
KMY0CFQD,0
KNI65L89,0
KNQC13QG,1
KO7736XF,0
KOA3PVHI,0
KOKLGE80,0
KP4OTYQ0,0
KP57KZCZ,0
KQ40JHGC,0
KQ7RAJXV,1
KQAOS8LN,1
KQI7PAD6,0
KQJU7BBY,1
KQNDFQ2G,1
KQNEH7DR,0
KQQLZ7EQ,0
KR0SOYX6,0
KRAP1QPF,1
KRB5KBG3,1
KRKTM7VR,0
KRQR6LVX,1
KRT6WD0B,0
KS3TNPK4,0
KS8R2FON,1
KS8WDZZX,0
KS9KZ0S9,0
KSCPLQ0S,1
KSH65WJH,1
KSINGSAB,1
KSK79R99,1
KSPEDGHR,0
KT6C5EVG,0
KTFARVT7,0
KTTN3JVZ,0
KU8BZKMC,0
KUI46A9R,1
KUWYGHDD,0
KV1GKD1W,1
KV4ZJAYV,0
KVENIRYE,1
KVWDCZZS,1
KW28RSIC,0
KW7Z8AIA,1
KWA0GTET,1
KWAS4H6J,1
KWNJ3AL8,1
KWTU7HJI,1
KX1FZJFG,1
KXCZIKP7,1
KXHRQ2P6,0
KXKLJ1PS,1
KY0HD6M6,1
KYIQMDHW,1
KYLYH8XN,0
KYTI58NM,1
KZ58I8XU,0
KZ6IO8IV,0
KZFYBUK4,0
KZPBCRMC,1
KZRJ10Y0,1
KZSBYWK0,1
KZVB9PJ3,0
KZYEQN5U,0
L05Y9CF8,0
L0BMF8F5,1
L0JUTG0I,1
L0PTZYS7,0
L16UC15L,0
L1GMHDKS,1
L1OYNE0M,0
L1QRXHPC,1
L2RJ3OGX,1
L2SXR336,0
L3CPON2L,0
L3KCNH83,1
L3LH6162,0
L3RKT8MK,1
L41MWWYM,0
L431R2KN,0
L49SRMYQ,1
L4K5SUMQ,1
L4OKLYNT,0
L4T5VV3A,0
L4XNM8ZA,0
L55S960G,0
L5GPL6WP,1
L5IL34O5,-1
L5OQXSBG,1
L611RVRH,0
L68KLXZQ,0
L6DUCE9D,0
L6PPA5J8,1
L71CCP36,0
L7JMQP7U,1
L7KL4Z32,1
L804XMIJ,1
L90MF9A4,0
L90ZNC6J,0
L99TQA8D,0
L9DU7F7Z,0
L9GPDOQM,0
L9U0S2UD,0
L9WV7MKH,1
L9XB14HR,1
LB5VP923,1
LBFN05NF,1
LBIK2NOR,1
LBXVOJCJ,1
LCD1YQ5V,0
LCLNBUK1,1
LCMVO0Y3,0
LCSLH342,0
LCXADEI9,1
LD9EJV6F,1
LDTZ3OSL,1
LE15BUFC,0
LE3ADFIG,0
LE4RMG1H,0
LER15U7C,1
LF38BUXJ,1
LF4ZFYIZ,1
LFB6L2V5,1
LFPW2YZO,0
LFSJWKHR,0
LGCOASXH,-1
LGD4AI5P,1
LGHYOMJH,1
LGM5GU6U,-1
LGRDSRMI,1
LH12E09I,1
LHHE7FE6,1
LHV5FFNV,0
LIBIQF4P,0
LIBOJP3K,1
LICPT3Q2,1
LILFASBY,0
LIVJAXK0,0
LIWDQNEY,1
LJ5CE1KE,0
LJ7I1QNU,0
LJWK25VN,0
LJYW1NSL,0
LK5BE4FU,0
LL5GPG8Q,1
LLHN72E6,1
LLKOZTRV,1
LM4TNN6S,1
LMEN2POX,0
LMHVDB9Z,1
LMUB38MW,0
LMYM3P87,0
LN0Y4PXL,1
LN17VTT1,-1
LN36E7XE,0
LNBDUG42,0
LNH0WJSV,1
LNNWTAQJ,1
LO3T7UJ6,1
LPAVYWMN,0
LPJIUL1O,1
LPUHL1B4,1
LQ8QLD0Q,1
LQ95GH01,1
LQAZX3PM,1
LQG1280L,1
LQT4QNSB,1
LQW16TG4,1
LR2EZBIR,1
LRAA4PWR,1
LRBD540U,0
LRLJ9QC9,-1
LSEPPZ4O,1
LSH0LRLC,1
LSVB0JLQ,1
LSW4HSKU,1
LT56N6R6,-1
LTB2G93Z,1
LTRCIH3T,1
LUCKTA36,1
LUQVURVM,1
LV96RA8I,1
LVJJ35J7,1
LVNV2KB8,0
LVT0U0VW,0
LW5AH0K3,1
LWJHG2TM,1
LWL6I78Y,0
LWUBQZP0,0
LWYAO9FV,0
LX05HJXL,0
LX1RVQAF,0
LY419RHX,1
LYA2GTAY,0
LYGR7MR0,1
LYPNPLH4,1
LYUNM5OE,1
LYXPRCOY,1
LZIY5JVH,1
LZLW9LD6,1
LZO0TC9A,1
M14SBHB3,1
M190EDRS,0
M19P2EDM,0
M1A9S15F,0
M1EEEINL,0
M1LLR09N,-1
M2FRXYA5,1
M2S0HPQV,1
M2U1ANI1,1
M2ZK8ZTS,0
M33NLUCN,1
M3JV6WNC,1
M3PPSZ9D,1
M4VKY62O,0
M4VST9KN,0
M55GQ5IC,1
M572SNX8,0
M5967R4Q,1
M5E02VGR,0
M5TIH74R,0
M5YVJ3BS,0
M5Z4RK63,1
M6USCTH6,0
M75P4R8A,1
M7EWGQ7Z,1
M7HCXOFW,0
M7OXGQ4H,1
M7Q8WNZS,1
M7QAN7SD,1
M7TV9FO7,0
M7X777U6,0
M8HFJTGI,1
M8K8N98I,1
M8TJ3Z4T,1
M8ZP4ZYJ,1
M90K8DDN,0
M91QHAQ5,0
M93PV8V9,1
M95NFZHL,0
M9GPPHWR,1
M9T3WYFP,-1
M9ZMOO11,0
MA8OHVG5,1
MA9DMPDC,1
MAJI5073,1
MALZZHTE,1
MAO2969F,0
MAPRNU5B,1
MB9GP8S6,1
MBLGUWYF,0
MBY0G853,0
MC69ABAN,0
MC98RMDZ,0
MCMHZGZU,1
MD8BWIJY,1
MDI295LD,1
MDQJNR1E,1
MDQWK3N1,0
MDSF75AB,1
MDYXLQ9R,1
ME8QFXKA,0
MEJX1OWX,0
MF64PPGE,1
MFHP8BZY,1
MFLSVHKF,1
MFTFXQ2S,1
MFTQ64WR,0
MGTK14N4,0
MGUVFE9W,0
MHDR2BWD,0
MHZ2ZKIG,1
MHZ4BC6B,1
MHZFQKTR,1
MIBRPPX1,1
MICFZSNO,0
MJ58AGEQ,0
MJOFHY3R,1
MJQ8DS2K,0
MJT8UQK5,0
MJV3NXWD,1
MK3N5N7H,0
MKV826G5,1
ML1G9Q5T,0
ML6IX1UY,0
ML88C6DV,1
ML9QFU2L,-1
MLG8ND63,1
MLO1CCQ4,1
MLWSR4GK,0
MMAJ84HQ,1
MMBQKCHH,0
MMEPHWQ2,0
MMLEIEHV,0
MN3XF7V9,1
MNT9A7GG,1
MNUA07YQ,1
MNVB35MT,1
MNX4Z8AI,0
MO0UAAYO,0
MO72RU2V,1
MO85V7HV,0
MOAEVWTV,1
MOAO0ZUP,-1
MOJN8E4I,1
MON5UNWK,0
MOQ48ITP,1
MOQOYUFJ,1
MOSGST26,1
MPSWE53N,1
MQE7W7HH,1
MQG0V1OD,1
MQGXND3E,1
MQKGMH5A,1
MQP0H9DO,1
MQRLO2QX,1
MQSB87IE,1
MR637E8U,0
MRTIX20G,0
MRTQX6Z2,1
MRV8554U,1
MS0LDSIU,1
MSFGN9FR,0
MSV4GZ7Z,1
MTA8SAK3,1
MTWZ7PX4,0
MUNO970E,0
MV05IFNS,0
MW6A9CM4,1
MWBKJAOD,1
MWE714P5,0
MWXTLGLZ,0
MXMGBNWD,-1
MXMULJDS,0
MXWGIO3Y,1
MY235NXF,1
MYD8C6H5,1
MYLIQLJU,1
MYWAHLJY,1
MZAR11JB,1
MZB9QJ3I,1
MZC53I01,0
MZU35M4O,0
N05HTNUZ,0
N0CBJM1U,0
N0JR1GGB,1
N0Z2FSWP,0
N1BI29JE,1
N1QMTSQQ,0
N1R5D3XQ,0
N28XIIKA,1
N2MO4BE5,1
N2R6ZU1J,0
N37JDKC7,1
N3B9RLIX,1
N3EHHBL4,1
N3PVYWC2,0
N3S5E7HR,1
N3UQ9OIP,0
N3V3AC4S,1
N41MYHOD,1
N48Z4S30,0
N4SM8CG1,1
N56YX5NR,1
N592TYGE,1
N5VFOCZE,1
N5W4NTOI,0
N5WXKZ2A,1
N6V0JR53,0
N71IVJ4J,1
N753PIV2,1
N77TN3HR,0
N7H3S7CE,0
N7YQLJR0,1
N83QS7V2,1
N83XS0TQ,1
N85ZZM5L,1
N8EI653D,0
N9KC7Q8V,1
N9LLWTEF,0
NA3V2WFV,1
NAT88XF8,0
NAUOCUCF,1
NBSZNGX7,0
NC1X2GSN,0
NC4HUS4X,0
NCEFVYTG,1
NCZF4ETT,0
ND13U61Q,0
ND232W5Y,-1
ND7SBPDN,1
NDB4UIAQ,0
NDFH74RD,1
NDZPMEKL,0
NE9BVLSV,1
NEHD9TKP,1
NEOHJO16,0
NERVZ7Z0,1
NF2QE63G,1
NF6PLY43,0
NFANQE38,0
NFBOSBE5,0
NFPLBK92,1
NFQBYO2J,0
NFSS3KI8,0
NG0QCYKX,1
NG1C4J06,0
NGD9RG24,1
NGEX8LN3,0
NGF1ZL4R,1
NGIRAJ35,1
NH1DU33G,0
NHC08CX2,-1
NHMRZFDS,0
NHRNJ2GP,1
NHUX4X7N,1
NI26PTAX,0
NI2R4J1U,0
NI5KG6N7,1
NICMHZXH,1
NIO1P4S3,1
NIVKDMLY,1
NIZTSN7W,0
NJ757XMS,1
NJBOIJR2,1
NJJV6MUL,1
NJWYBJ3S,1
NKBDQIZV,0
NKDBSYXN,1
NKOCM9FA,0
NKQC8ITX,1
NKUOKOJN,1
NKV17RJB,0
NKW13ZOV,0
NKZRCGVB,0
NL08UE59,0
NL746FNW,1
NLA75CLN,1
NLFL1K9Z,1
NMBL2FA1,1
NMCYZYWT,1
NMER98E3,1
NML1IXG6,1
NMTMKZ3T,1
NMWGJO2I,1
NN2BZF4X,1
NNQOAH2Z,1
NNTA4YPH,0
NNYPNN10,1
NO52WLC4,0
NOE9GIG6,1
NOZO5IG1,0
NQ6K7EA6,1
NQCYIUNT,0
NQSKZPVK,0
NQUZF4C8,0
NQZG4Y9D,1
NR1GZRO4,0
NR6VCVIB,1
NR9YO1JA,1
NRALCWNX,1
NRLASGZO,1
NS15U9GM,1
NS6R6U34,1
NS7AEN9U,-1
NSOWBPOA,0
NT3I0OMR,1
NT8KM5LW,0
NTAG4R5C,1
NU0OZCIQ,1
NU6PV5XT,1
NUJO0PQ1,1
NUV45MFJ,1
NUXJAB2P,1
NVCFK77M,1
NVFZBN20,1
NVPT5F1Y,1
NW56IOGB,0
NW8PLW0Z,1
NWCPOT0O,0
NWIWXLRY,0
NXAJS1EE,0
NXGKSBMS,-1
NXX56N3N,1
NY8B3CTM,0
NY8M6R5W,0
NY929TYG,1
NYT0DA0R,1
NZJ3PFP7,1
NZR15IVN,1
NZZMQETA,0
O0S3XZAY,0
O0Z0PJU2,1
O144BLFF,1
O16DN7OW,1
O1K7W5VP,1
O1QQMJ6W,1
O1UTKEET,1
O219SCJ8,0
O2A685H6,0
O2NLLM6D,0
O2VMSYSI,1
O2YRHYS6,0
O3RL7E5H,0
O3VK6C1Z,1
O3Y2O0OD,0
O46OAOD6,0
O49D6P9U,1
O4FK98P1,1
O4GPNW0E,1
O4OX4WDK,0
O5XAQS67,1
O63PX82G,0
O6656P0K,1
O66WHFZW,1
O6D6Y97O,1
O6X76W1G,0
O6XJFK2F,1
O71KCABW,1
O7324ERK,1
O7CHM2KA,1
O7KDM54Z,1
O8CMYMWI,1
O8KE56WP,0
O8VY2KJP,0
O94H1NX4,1
O993JBDC,1
O9E7ZG6R,0
O9JR1266,1
O9QJK6X1,0
OA6H4L3Q,0
OAMU958X,1
OANYIRSA,1
OAXW28RP,0
OB2YXPIE,1
OBAAPLX5,0
OBWHTXI8,1
OCB1D9HP,1
OCGLMD0B,1
OCIRCBFB,0
OCK9QQTA,0
OCLYOEU0,1
ODI2NAFN,1
ODI9Y0KJ,1
ODKEBN71,1
ODLHK6SH,1
ODRAKZJH,1
ODSH71A3,1
ODXV6MQE,1
OEAZAWCQ,1
OEJOYARE,1
OEN63ITF,0
OET5G66Z,1
OF5G326N,0
OF6J93UX,1
OFGIN7VK,1
OFH6BLJM,1
OFK9HMDW,0
OG2HHSDZ,1
OGEZQTFB,1
OGK1PJAQ,1
OGV0VSEK,0
OGWPE5L5,1
OGYHF5W0,0
OH98V082,0
OHLTN9N4,0
OHMCPLB7,0
OHRBSQ0G,0
OHY8ZD0F,-1
OI153LCK,1
OI55U234,0
OI9J8MU7,1
OILFQS8S,0
OIMCVYKS,0
OIROTFV5,1
OIT8SDQF,0
OJ4EVSEB,1
OJ53OEDP,1
OJGELCN3,1
OJMNT5YS,0
OKAN5ADT,1
OKD62BOE,0
OKGNUG14,1
OKRXCVJM,1
OKVJJJVL,-1
OL650HFW,0
OL7HKF2B,1
OLGQN638,0
OLHJRU9T,1
OLWP8P7G,0
OM44XQZD,0
ON3VWAEI,0
ONEY28IN,1
ONJ877VC,1
ONOZXU63,0
ONPFP1BT,0
ONPJSXZ2,0
OOKIPAZQ,0
OOU79HLB,0
OPKO69RU,1
OPMQ3EKR,0
OPN68XLR,0
OQ0PCJH2,1
OQFO6UQV,1
OQHRJDE4,0
OQJ5DVNI,1
ORBOMQNQ,1
ORPUMJKU,1
OSDVAJBL,0
OSEZBZVM,0
OSKS4M4O,0
OSYELGI9,1
OTF447P2,0
OUDX1RPA,0
OUEVRHY9,1
OUTUYVRO,1
OV17OZAQ,0
OVQCUVDL,0
OVSSZN97,0
OVUPZXGY,0
OVX9RO5K,1
OWKASL5K,0
OWPJ8HBY,0
OWTSTXD3,0
OX5Q22Y2,1
OX9U2SG1,1
OXBO2J6J,0
OXPICXT9,0
OY0TZNZW,0
OY0UO0CA,1
OY1D8IN7,1
OY9GPH37,0
OY9S741O,-1
OYAU5EP0,1
OYDZIIBY,0
OYMYFPY2,1
OYNKTOL0,1
OYQZ5MZC,1
OYV40LHM,1
OZ45E8KU,-1
OZ4F7P1I,0
OZC8QNBS,0
OZEZCYPF,0
OZLUZO9Z,1
OZVCVL89,0
OZZ8XE2O,1
P02A1C85,0
P0ICB3WH,1
P1OQE3J8,1
P1PMB4FU,1
P201FP1V,0
P2Q692ZR,1
P2Y3RGIF,0
P39TU7RG,0
P3UHQDX6,1
P42FLMDS,1
P4B8W5GU,0
P4BITZ14,-1
P4G332GV,1
P4HGTFBR,0
P4VX4NXX,1
P4XGVTSN,1
P4ZTSKZW,1
P59E3YNE,1
P5K9HBTA,0
P5NOOKR1,0
P5P14U44,1
P5RAVZGG,0
P5T3IH0O,0
P5T9WMDO,0
P671RLEV,1
P6C9BWGI,0
P6DZ9A8H,1
P6HVDFIC,0
P6IPJISB,0
P6L0Z6UV,0
P6LO39Q8,0
P6PKQQMF,1
P6W4C94X,0
P7FITXWL,0
P7I1J1VX,0
P89PDCCE,0
P8AN0I5F,0
P8QC4SIC,0
P926FU1P,0
P92AR98O,0
P9GH4M4Y,0
P9K36RPY,1
P9NRCKIK,0
P9P56GUJ,-1
P9YYO0VD,0
PA2Q34XS,0
PA47AO8N,0
PADCUNA2,1
PAJRQWTU,0
PBE910JX,0
PBMB074V,0
PC0IRBWY,1
PC4PS2ZF,0
PCBZXQQQ,1
PCKSLBYT,0
PCM627DD,0
PCQJFCP3,1
PD02IQLO,1
PD3O5GNH,0
PE7NDCPY,1
PEY3QAID,1
PFOMH8PN,1
PFTTACWE,1
PG00UBZ4,0
PG676RR1,0
PGRQTX07,0
PHEDMQYS,1
PHJCVC71,1
PHTGRB0L,1
PHZV1HBZ,0
PI0TIK1D,0
PIFJZC9Z,1
PIR3V9QJ,1
PJHH73T1,1
PJL47PXC,0
PJNIJ6AT,1
PJNVJ223,1
PJSISN1Q,1
PJVTNMD0,0
PKK73W2K,1
PL0RHMZW,0
PL5UIEY6,1
PLFA5S28,1
PLJHSCFU,0
PLJN1GMB,0
PM3CKM16,0
PM514NOL,0
PM7IBUCZ,1
PMUOB5IK,1
PMY3J6Y9,1
PN1TZB52,1
PN8X0WC4,0
PNBNWX54,0
PNRB1OOR,1
PNRX2FHW,0
PO2KNCX8,1
PO7PXS51,1
POP6BRIT,1
PP65E7X4,1
PPAEXKBV,-1
PPDN4KZB,1
PPFJ9TVN,0
PPIFNGEO,1
PPR9U53D,0
PPTUII1P,1
PQ4OJPZQ,0
PR8PS44D,1
PRWKVP4H,0
PS2P5MWA,0
PSEJ49ZR,0
PSJJO5DP,1
PT2USMYE,0
PT346YTU,1
PT81EM0M,0
PTAMZ7JY,-1
PTCQF6MM,1
PTOGAA86,0
PTTE0YC7,0
PTXQYSOD,1
PU113FKQ,1
PU5Z3LV4,0
PUA79MJL,1
PUDS72Q5,1
PUHDELMO,1
PUI0S3HK,1
PVIDP7QI,0
PVR614Z3,0
PVSFEXGY,0
PVZPB0SR,0
PWG2AW28,1
PWK06ETM,0
PWZ6YEHA,0
PX4OS8CS,0
PX7ARVY4,1
PXCO8JHZ,0
PXSFDNUT,-1
PY1WKNE7,0
PY83QTDA,0
PYQG73LI,-1
PYYRYLFP,0
PZ24GRHK,0
PZ55C90G,1
PZ9K7ILW,0
PZB3RXAF,1
PZDGDBHS,1
PZF2ROO4,1
PZV8Z555,0
Q01H8CZ8,1
Q0B0HJQH,0
Q0H402GU,1
Q0IYG36R,0
Q145WNWG,-1
Q15HRERT,1
Q244Y3L8,1
Q2IVHW5C,1
Q2Y3D95L,1
Q2Y79W51,1
Q322GUTO,0
Q33NDAER,-1
Q3R3GIR5,1
Q3XB0G26,1
Q3YSAL67,1
Q4EOJIPT,0
Q4FJQB5P,1
Q58YA0C0,1
Q5MD9OB7,1
Q5NGAOYX,1
Q5NUC5GG,1
Q5X5MIKT,1
Q652SSYD,-1
Q67EGSE1,0
Q6C88X2A,0
Q6GH7DYD,1
Q6LSNHUU,1
Q6PLNXT6,0
Q6QV7L2Q,1
Q7C1ZXKF,1
Q7GBSJUW,1
Q7UAFFU0,0
Q84ZK7GP,0
Q89A3JPX,-1
Q8OS73SU,0
Q8Q8ZQ9J,0
Q94YDAVA,1
QA67DITE,1
QBF48OCA,1
QBLQWPL4,0
QCD7D8G7,1
QCH557SR,1
QCKLSCS5,0
QCLH7O2K,1
QCXNS9I3,1
QD1KL9OI,0
QDNLHX4P,0
QDWR725O,1
QE0OSVN7,1
QECQYUKM,0
QEIBNTB8,1
QEIF17D8,0
QF15YIVT,1
QFDJUVQ0,1
QFJ0K3BR,0
QFT64MP2,0
QG5NQ6LA,0
QGA9VBG7,0
QGCS1ILL,-1
QGMI7D6Q,1
QGY367GF,0
QH5P373L,0
QH7CW468,0
QHCFPUPX,0
QHIUXK7Q,0
QHIX3PD5,1
QHXIPK2Y,1
QI749J8L,1
QI7IQ1XM,1
QIOUP883,1
QIPBE8PQ,1
QIYUZ597,1
QJJ72WWX,0
QJKBGEXM,0
QJS0IK3S,1
QJVI52X0,0
QK2JP27M,1
QK6AB8I2,0
QKGFQCG8,0
QKN1C6GN,1
QKR3PGCD,0
QKUEWN76,0
QKZNVFXS,0
QLEXLO2Q,0
QLL3TNGU,1
QN5R9FC7,1
QNA7ESY7,0
QNHZM9OF,1
QNL0EAJ7,0
QNMSCOUR,1
QNTJ19FL,1
QOJ095RP,0
QORR2T90,1
QOZH3R55,0
QP5HG17I,0
QPCZHJHT,0
QQDUIX1A,0
QQJD23FC,0
QR6LFNA8,0
QRAG02RF,0
QRC07SXQ,0
QRPX9ZJM,1
QRS9TLVB,0
QS1ZSCKL,1
QSFLHGWN,1
QSQ669CA,1
QSY0MTFJ,1
QSZR48HM,0
QTGOZ0GS,0
QTH2A2JD,1
QTMUO6WH,-1
QU7N5QBI,1
QUBG4LVH,1
QUETPBLE,1
QUN6GYFJ,1
QUQ408T7,1
QUTU4O1C,1
QV0HJUUQ,0
QV6EGM2T,0
QVAR7L51,0
QVR86Y0L,1
QVU7T1F2,1
QVZ6IY3I,0
QW5WDCAN,1
QW7YMP7L,1
QWLPMBHH,0
QWWGGFTX,1
QX5IBGRC,0
QXRWPBMT,0
QYALQPI3,1
QYHK4H60,1
QYLEN6WM,1
QYTQXE6J,1
QYV6AQ04,1
QZCLQC6H,0
QZJWZN5G,1
QZSL7G02,1
QZV74F10,-1
QZZ4B39S,1
R0HU4XWZ,0
R0TRSD14,0
R117KYKX,0
R1IX7KFE,1
R1PSKXGH,0
R1SJAZTL,0
R2ACLR2X,0
R2CEGTR0,0
R34ZZQBO,1
R3XK9LYU,0
R4EZMUFH,1
R4I0VK8Q,0
R4IUNSOF,0
R53IH7MA,1
R5EOU79T,1
R5V0I4RI,0
R5VV0P7Q,0
R6212VHR,1
R680OSOV,1
R6A5F893,1
R6K028OK,1
R6TEF1LL,1
R72EBRQ8,0
R7I9ARP6,1
R7ILRP0E,1
R7MXCZBD,0
R7PQ27AC,1
R7S34UX0,0
R8BL25FT,0
R8EH2T3H,0
R8ERJBHF,1
R8HGBUWB,0
R8JB36V0,1
R8JNZBNQ,0
R8MSXMQ7,1
R8VXHOAR,0
R93NQV4V,1
R9582DQM,-1
R991BVTR,1
R9JJ8C5S,0
RAKVFW8N,0
RALA74GF,1
RALE3UP3,1
RAXP7EX9,1
RB15QNY9,1
RBBCO9CX,0
RBGWT5FF,0
RBNEI31E,0
RBYPAF4K,1
RC3TQ4VK,0
RCBVX7CF,0
RCK6BROS,1
RCNOBF77,0
RCQHZ993,0
RCWTFGLU,1
RCXXPDGM,0
RCY3SLNE,-1
RCYIYPUF,1
RCZN8QIT,0
RDE95A6O,0
RDVGA6YG,1
REKZMO5C,1
REO86Z48,0
REY4W2DE,1
RFAHGRYN,0
RFHCT4CJ,1
RG7IAP3R,0
RG8PN7KY,0
RGGV465A,0
RGJTM4HJ,0
RHAH6XXJ,0
RHFQ3D7M,1
RHHIVWQ1,1
RHILAHIQ,1
RHSKIOGR,1
RHW7C3YG,0
RI7MVT1U,1
RI8OTYVG,0
RIJ81BJN,0
RIX18QF8,1
RJ7EN7BN,1
RJJQJZVC,0
RK6WYK1R,1
RKB073JE,0
RKDSR06Z,0
RKVIF36D,0
RL6TJFU9,1
RLRJLX2M,1
RLSMG4EO,1
RLYV3VRX,1
RM0NQ73C,0
RM4I4OKM,1
RMFV40UE,0
RN8EAI10,0
RNRL05BQ,0
RO4FYH01,1
ROUTG5J2,1
ROW958C5,0
ROXQCBQC,1
RP5NPUDM,0
RQIXRVP4,0
RQNVWZ12,1
RR10902P,1
RR2SBI7T,0
RR4EM203,0
RRU9GSR1,1
RRZS9UDP,-1
RSDUKRJ6,0
RSF2S9D4,0
RTFYHF74,0
RTG0DINW,1
RTJHYTH7,1
RTP7PID5,1
RTRNUTHG,1
RU1QHDNE,0
RUJ5VXPF,1
RUQC5PG0,1
RUTCB0BF,1
RUW0P5VN,1
RV4516F7,0
RV6X3QQ2,1
RVHKP9CC,0
RVTNA5B4,1
RW2N3W74,1
RWJHBLAP,0
RWN11TQI,1
RWTH74AN,1
RYDCI29D,1
RYI7ZQ9P,0
RYLOMATL,0
RZ2U6E6N,1
RZ4RJES9,1
RZDFOPZ7,1
RZFV939G,0
RZHO1PMF,0
RZQ9XCEI,0
RZQCJRMR,1
RZWP38OR,0
S07UUUKM,1
S09F20XP,0
S0IX28Z1,1
S0PV33JY,0
S0UUHHUG,1
S0UY2YS8,1
S0VA5IOE,1
S18YK7T8,1
S1W80Y2X,1
S27NE10L,1
S2MPUTCV,1
S2P1C1QU,1
S2RESALM,0
S2U9VIYT,1
S2ZF702A,1
S3UOJ6TB,1
S3Z88NPN,0
S54GTUFL,1
S55G0YMK,1
S5705NGW,0
S5B77Y2C,1
S68XBO6C,0
S6GNYIR9,1
S6HCSLS3,1
S6JWUTWC,0
S6K2TLLT,1
S6U8MG4D,1
S71VHAXA,0
S7AQGDCF,1
S7BGP7BD,0
S83A49IP,1
S87VL2LZ,0
S8ALUBM3,1
S8CJUWBZ,1
S8IKVYZP,0
S8MIHURI,1
S91DP1C0,1
S96CTSCF,1
S98LJJOX,1
S9SEPTMC,1
S9YKQ9FJ,0
S9YWRYP9,0
SA0AIN9Z,0
SA7C3MR1,1
SA8SKDHU,1
SA99ZQ95,0
SAFP2GOS,0
SAP1O4QJ,1
SB0Z86TC,1
SBA0TFI5,-1
SBEDUTL9,1
SBRESS4E,1
SC2Y510F,1
SDFX6BJ8,0
SDHEIA0Q,0
SE0W9LAH,-1
SEITLE2M,1
SEPRSAPQ,1
SF5TZ9FF,1
SFD4VO6I,1
SFJEYC9L,0
SG0JKFNJ,0
SGBVABX0,0
SGE2MTZA,1
SGN1P1R1,1
SGP3SR5Y,1
SGRY07CX,-1
SGV719KB,1
SH6FBATY,0
SHLEXK9J,0
SHNNLZEB,0
SHPN65S3,1
SHRL68Y3,1
SHYHDH08,1
SI9ATICI,0
SIBNQLVI,1
SIGYED0W,1
SIPY2W52,0
SJCBHBZZ,1
SJN6MGSZ,0
SK6MD8NM,1
SKB06HKW,0
SKKP4RGE,0
SLGRU3DV,1
SLKSRLUS,1
SLNVXALZ,0
SLOIEFV7,0
SLUR6MKW,0
SMAOAESQ,0
SMVT413S,0
SN1WH8VP,0
SN486ESX,1
SN7PQ1GO,0
SN7R20PA,0
SNIB2RSB,0
SNNUFETQ,0
SNOUHGTQ,1
SNS6D6ZZ,0
SO8NYH42,1
SOD6KFZD,1
SOGFFZ5Q,0
SOOHKHRP,0
SOQI2M66,0
SOZR8E0Z,0
SP4IP8PI,0
SPI02JGB,0
SPPIN6NL,1
SPT92PHF,0
SPXWAZQD,0
SPYHT6GI,1
SQNZPJE1,1
SQO7XONJ,1
SQY994L0,1
SRFJGTCY,0
SRZE199U,0
SS4YASPR,0
SS9LW4TW,1
SSPHSVPX,1
SSWXQ7XX,1
ST1W50VZ,0
ST9EP2KD,1
ST9J99IR,0
STH82YOR,1
STID9ZYZ,0
STV0H7S8,1
SUAW7LS6,0
SUO10DGZ,1
SUPX8ICJ,1
SUQTIHXD,0
SV1IDXX5,1
SV65RDNX,0
SVAPSWUL,1
SVJDZPQM,1
SVS54E3R,0
SW8GWSKT,0
SW9NDS2J,1
SW9XJZBW,0
SWDKWUOF,0
SWJRXVCS,0
SWMEKBO2,1
SWN76U8X,1
SWVBM39J,1
SXDFOB9Z,0
SXJSNLLH,1
SXS2ZWRO,1
SYMLG5QT,0
SZ0FIRYL,1
SZ5YCXLC,1
SZCOOPER,1
SZKJRECH,-1
SZOFWLPQ,0
SZXYG3Z6,1
T068JZLZ,1
T0DD87TJ,0
T0E6PWF7,1
T0S12TAC,0
T0WQ04B6,1
T0WUR9MD,0
T0ZQVI9P,1
T18MOWEL,0
T1KPXE4K,1
T1N55OBC,1
T1PIY149,1
T1QG5Q0W,1
T1UUVTB7,1
T1W0F3MM,0
T277XLEH,0
T2A4ENC9,0
T2EYWO6V,0
T2JRQ4F5,0
T2LJIQ14,1
T2OIXRQT,1
T2PA6PBU,1
T2Z5W57A,1
T37CUYLZ,0
T3G0D1UE,1
T42EBQIV,1
T42OS5K9,1
T4AJLHRV,1
T4HIQR9R,0
T4LPRYHR,0
T4MCUDBP,1
T4XH7XO8,0
T55I4758,1
T55P1BG2,-1
T59UPPYS,0
T5N8KYDS,0
T5Q51BOI,0
T69UPEK9,1
T6KYOYNA,1
T6ZT9RNV,0
T7Q5DG5N,1
T7SQ0BWQ,1
T7YHGW7Y,1
T8SAAPZ1,0
T918SA7Z,0
T9TO6HBS,0
TABBR3X0,0
TAOF2AC1,0
TAYT556J,0
TB5ZTFDJ,1
TBJELEKG,1
TBT00PMG,0
TC1Y9PAW,0
TC3SFQPE,0
TC6GBOFV,1
TC7OGSBN,-1
TCBCR1PB,0
TCWLNVHL,0
TD1CSH8N,0
TDHO2RBB,0
TDIQ8QVU,1
TDIUTRMM,1
TDMZUN15,1
TE1JPC5Y,1
TE8CKQ36,1
TEIRSTPD,0
TEQSHSF8,0
TEUTXVDO,1
TFLBWSIU,1
TFLGLWLD,1
TFSAVBOJ,0
TFSOYBIP,1
TGL3N7HE,0
TGMJC76D,1
TGREIE3Y,0
TGS27NKW,1
TGSHOYYY,1
TGZRB02X,0
THE52JI8,0
THHVHF6O,1
THKQT4DA,1
THNEJAGY,1
THT303Y4,0
THUZEW9T,0
TIXVVDXP,1
TIYLP52K,0
TJ443O1V,1
TJDA9DS7,0
TJNEOF1R,1
TJNMQBJ3,0
TJQ4AM2B,0
TKRO7PLP,0
TL8P20W9,1
TLCQVUKD,0
TLIU45XJ,1
TLJNCYUV,0
TLSS0IPY,0
TM3PZ9G9,0
TMBCTYSH,1
TMGFC629,0
TMJCR6RQ,0
TN32VL67,1
TNHDFKSQ,0
TNJ5HPVV,1
TNTW5XCC,0
TOHB4QDV,0
TOMUBZOL,0
TOUTKLSE,0
TP379DMQ,1
TPEME2O1,1
TPN6JDH8,1
TPSHZPY0,0
TQKDFEBE,1
TQSUCEG6,1
TQYV7ZLR,1
TRP0EIAJ,0
TRQ2TXEO,1
TS3M9QTB,1
TS8TM5SY,0
TS9CQLAO,1
TSE72GRN,1
TSKCQGAW,1
TSS4Y1RB,0
TSTJPX3C,0
TT2E45GQ,1
TTRU3CG2,0
TTU5DR5X,1
TTZUT96Z,1
TU6WFHZE,0
TVG2WYT5,1
TVX154O8,0
TXK307PH,0
TXVUV53A,0
TYA1EE76,1
TYAT1NWM,0
TYD0W8WN,1
TZDI99AS,1
TZID9EJ5,1
TZVZGWI4,1
U041116F,1
U0LCCF8R,1
U0PSZJBT,1
U0TKN0IR,1
U10IBQCM,0
U1M3P926,0
U1M7FX3C,0
U1UX2PZD,0
U27KEYGN,1
U2GU4CPV,1
U2I0ELBA,1
U2RO7YMR,0
U2Y02PJA,0
U2Y3EA7A,1
U32ENZVV,0
U3SFIQVR,1
U40E94DN,1
U4AMIXQU,1
U4IQAXTG,1
U4MAEENJ,1
U4SDYLVW,-1
U5K1PFOF,0
U5WLDUAW,0
U61E7MGY,0
U65R46SM,1
U6LIXHS8,1
U7D8VCOW,0
U7N8NJW3,1
U8IO1DZF,0
U8J3OCQM,0
U8P9OTX6,0
U93P0FWS,1
U9MFGFBF,1
UA44NFH9,0
UACA12DJ,0
UARBL97I,1
UAT979NF,0
UAWU9BKD,1
UB3V2WXL,0
UBBMQPAX,1
UBRS97OP,0
UBV21JE9,1
UC1M8ZJ2,1
UCDDZ6QA,-1
UCFFCW3Z,0
UCKH2P89,1
UCVQ4B7M,0
UD79OLAI,0
UDHM9S9C,1
UDQK1ZUX,1
UDQM93L1,1
UDVDSGIR,1
UE9O9YQC,0
UEB3N0PR,1
UEMVRAHO,1
UENTG4KD,1
UESYE52K,1
UEZFM1AM,1
UFDLPSSC,1
UFE5XPTY,0
UG4QJZB2,0
UG58XTL7,1
UGC3N4SK,1
UGJTL20W,1
UGMVCAD3,0
UH3HUBEU,0
UH7RHLVF,0
UHCG78V2,0
UHS0UR7D,1
UHUC0R2T,0
UI2TP91X,1
UI66N7C8,0
UIINRCCO,0
UIJLRQQT,0
UIW0YB03,0
UJB5UROZ,0
UJJSFRY2,1
UJNNAQSE,1
UJQX649U,0
UJWDZ2GJ,1
UJYB2ZIF,0
UK05IYAE,0
UKHPTDV2,1
UKXUQBPG,0
UKZKCQ4J,1
ULI56M5L,0
ULWWV0BX,0
ULXRXD65,1
UM0XNV46,1
UM6RNF0E,0
UME0OSXI,0
UMMA8Y2A,0
UMUSK8GD,0
UN8GWSTD,0
UNK6Z8RC,1
UOI8ZKJU,1
UOLE41EH,0
UOS3PD5Q,0
UOU01NBN,0
UPJV2MSD,0
UPOBCGAO,0
UPSBEREH,0
UPTPBK2G,1
UPU6IHNI,0
UQ2KQ18V,0
UQ9U8UOP,1
UQAQUHCU,1
UQMZKQ50,1
UQVJBS58,1
UR58J94G,1
UR7EG89W,1
URAC6ZER,0
URNWIXDB,0
US0N8POP,1
US0ZPWYN,1
USBMUC00,1
USH5FTWD,0
USNQICEK,0
USUDQ7AC,0
USYL0NMR,-1
UT2JCOTD,0
UTDDF2F5,-1
UUPA8K1W,1
UUSZ3N18,0
UV58JBCH,0
UV9PL8ZP,0
UVJHYISE,0
UW3GFRZ6,1
UWB0S0UJ,0
UWC8EAAV,0
UWESEHUW,0
UWPQN3GH,0
UXBM5KBL,1
UXMSM47E,0
UXOZ78NP,0
UXURD844,1
UY0PLRWJ,0
UYD020OS,1
UYMDOFQ7,0
UYOG9FYD,0
UYT40V6L,1
UZ1OJ6VD,1
UZ4X7WR3,0
UZCVVS2L,0
UZRIINF4,0
UZRIJCEE,1
UZSNCCNV,1
UZT7JR8Z,0
V008P9MZ,0
V0DKTQVH,0
V0L2UZY5,0
V0W3FN1N,0
V0ZSIGU6,1
V10ZLMJ8,0
V1MR4JGI,1
V23JBC2C,1
V2BK2ZUO,0
V2C7VCHO,1
V2O1TLZU,0
V2Z0Z42I,1
V3XI3FE6,1
V4RB0Q28,0
V4WPDS8N,1
V4YSDQJG,0
V54HVN7M,1
V5DXZMJL,0
V5F5MSAR,1
V5WOS0JX,1
V61GSVW3,0
V64ZIMRA,1
V6BLW5A1,1
V6YMPUV6,0
V6ZWEA7M,0
V7B4LPZS,1
V7ER8Q56,1
V7KQGAT4,0
V7L9GVG4,1
V86960SK,0
V8CJSTY7,1
V8X4ESTX,1
V90G9PDT,1
V97N9LXT,1
V9AC1BFQ,1
V9BL65VI,1
V9JNUNC0,1
V9MB80EP,1
V9UK5PCI,0
VA73777S,1
VA7MARAI,0
VA8TSEMM,0
VAU6HUS1,1
VAWP2H31,0
VB8VAO8J,0
VBMHPFCE,1
VBU9ILSN,0
VBZJVCBX,1
VCI2LJZB,0
VCM5N4SX,1
VCVKT9L5,0
VCWKZD83,1
VD3UH37A,0
VDBG3V9C,0
VDBQVWYD,1
VDL93MHJ,1
VDOV99CB,0
VDWALJ89,1
VDXJW6X7,0
VE2PBORX,0
VE67PY8J,0
VF3AKRXH,0
VFSG57MY,1
VG18BRRT,1
VG1YRBDK,0
VG9E6DZ8,-1
VGGZ2WQH,1
VGHJQPU5,0
VGWVR0DC,1
VHII9HGF,0
VHMT5NRY,1
VHP2J8P4,1
VHZD9OCU,0
VI3WIYMW,1
VI7RZCX4,0
VIV700R0,1
VJ7653YU,1
VJC06DWB,0
VJD4YX4C,1
VJF3AFQP,0
VJI6XCYT,1
VJK1M4RU,1
VJO95VB3,1
VJVRYW5R,1
VK8ILAZ7,1
VKGIPTAW,1
VL34YI3D,1
VLJ04NX0,0
VLRBBGY6,0
VMMUTL9O,1
VMWGZ8BR,0
VNCVRR7U,0
VNFTTGJ0,1
VNKNZ9H6,1
VNKTU5MV,0
VNNR3U8N,-1
VNZTCDQ9,1
VOMICH5H,1
VOOOOU1A,0
VP0NIDT4,1
VPCHM04X,1
VQ109N4A,0
VQ135ZAJ,1
VQ3TVQG1,0
VQD457MA,0
VQT6CZ6Z,0
VR4ZTRDU,1
VRMXZEVO,1
VRUVOTP0,1
VSSOMF5J,0
VSV4G45Y,1
VT9UEMZP,0
VTC15HT1,0
VTFB8M76,1
VTGQUJU0,1
VTWE8QJ5,1
VTYIBCOR,0
VUVCA0WW,0
VV2JHVL8,1
VV665LZE,1
VVDWNWIG,0
VVEMZK7P,1
VVIJFE2S,1
VVNQW82M,0
VVVMB22A,1
VVWWO1IG,-1
VW03QWWJ,1
VWG0N3VW,1
VWIDTXGF,1
VXMF3E9B,1
VXSX6DJL,0
VY3BLR5U,0
VY6HOYVZ,1
VYBFPD3M,0
VYFSYQ81,0
VZT3WATU,0
W04D62Q6,1
W04ONYJA,1
W0O6O0ZQ,1
W1546JZI,0
W1DRL9NL,1
W1SMI38B,1
W1TPFU9N,0
W2AWVOGD,0
W2C6LP3J,0
W2DQSZAJ,0
W2NSPLL9,1
W2OQ9KOF,1
W37WBKPG,1
W3Q153AB,1
W3SDK4CC,-1
W4G975YQ,0
W4MAW9RX,1
W4O65LCM,-1
W4ZT0B8F,1
W50YQCQE,0
W51PHRIQ,0
W54INW17,-1
W5DHXGL3,0
W5U240ID,1
W5ZV97L1,1
W66M0ZZH,1
W6JOSJ54,0
W6KX87TI,0
W6TYEXBG,0
W74V5JHY,0
W7DG2UCY,0
W7WEFEAU,-1
W82DYIL2,0
W8UFU2MD,1
W928VQ6P,1
W9409U43,0
W9AQ342R,1
W9AVNCEO,1
W9LO6R5F,0
W9UP73VN,1
W9VK1OGQ,1
WA4YFFIP,1
WA765H9M,1
WA7BWMHE,0
WA8KU01I,0
WAA6V0AW,1
WAKBJAOI,1
WATDYHZ4,0
WAWW6JT2,0
WBLXWQRJ,0
WBTO6S7O,1
WBXU6TNN,1
WC7NAN87,0
WD9YW1QI,1
WDG2CSNC,1
WDIR9U2Y,1
WDPJZSQX,1
WEB20GPQ,1
WEEUQDWF,-1
WEEXCW8J,1
WEI8NQ36,0
WEMIZGST,0
WEN2SNL7,1
WEYGHLO6,1
WF9IBLMP,0
WF9TYX9R,0
WFBL9VWX,0
WFGDTJGW,0
WG2ARV31,0
WG3TAFE7,0
WGLGN7KM,0
WGNWTT8R,1
WGWGALRG,1
WGX3H89G,0
WGXPG2S9,1
WH3OCAYA,0
WHDJFLTU,1
WI71LWAF,0
WIJF7YV0,1
WJYFVG3L,0
WK04RA9L,1
WK120003,1
WK1PH76R,0
WKD5YWE0,1
WKI6OLO5,0
WKJWMN81,1
WKVUYJ6S,1
WL4G8TX0,1
WLG51H6J,0
WLKUNJM9,0
WLUX9TH5,1
WM03AF5L,1
WM9TSVPN,1
WMSIPO4J,0
WMTB3GF5,0
WN7YD493,0
WO1BCQT9,1
WO571XMM,0
WPVVWVRA,1
WQ3XMLSX,0
WQJ4DNTM,0
WQMQB76O,0
WQU99XIM,0
WREDNVL2,1
WRF8W09M,1
WRIT9YWP,0
WRSMII04,1
WSFXUMBK,1
WSKD2MQ6,0
WT0CW0MC,0
WT5U3J4Y,1
WT7C91NR,0
WTP6JX6G,1
WUGWOSVT,0
WUGY5NF8,0
WUH9OFCI,0
WUMVXXP3,0
WUP4655S,1
WVVSN8S2,0
WVYJ0UG4,0
WW6495JL,1
WWF5IZKI,1
WWH9KYE5,1
WWKK7TLO,1
WWWXO2AX,1
WX2GDARE,0
WX3BX1VN,0
WX54ELCK,1
WXA034X3,0
WXO8VWWD,0
WY4NP8D0,0
WY8J2UJM,1
WY9NWA40,1
WYR145MB,1
WYTKD32L,1
WZJJV00G,1
WZY4Z9RS,1
X006B0YV,0
X0384DXF,1
X062JUCS,0
X0D4PXZ5,1
X0LWRBYK,1
X11T9KYT,0
X1GLM9RY,1
X1ISQIUC,0
X1QUTRJ5,0
X21XIPS3,0
X2Q2PA5U,0
X363VZ2X,1
X3HHBHN1,1
X3P1VCAS,1
X3WEZ09M,0
X46PYZ16,1
X58TLWPE,0
X5LK65UH,0
X5MA72SI,-1
X5MQ614W,0
X5TCTRX4,1
X5WJ8CCL,1
X6BTTIVI,0
X6DT4L65,1
X6GU4UR5,0
X6KPKH8A,-1
X6MYBPH9,0
X71X4QGL,1
X79NRYBJ,1
X7O5LJEQ,1
X7UEDUI4,1
X7XB2EZM,1
X84CMKDY,0
X8HN850E,0
X8JTY01I,0
X8NJJ1Y6,1
X8XGRNU6,1
X8Y0BXML,0
X903COC3,1
X904HFAL,0
X9A7PB5E,0
X9D2WBPC,0
X9IUEHE7,1
X9YK51TY,1
XAA8YN4L,0
XACQEOJN,1
XAF19Q3C,0
XAFDEEEA,0
XAGU7DAE,1
XB2CTKRO,1
XB4FGPVX,0
XB6MVZOG,0
XBB8X0HR,1
XBHJ2I6R,1
XBQFVXHC,1
XCIK0A2H,0
XCKHHFHD,0
XCM27RRJ,1
XCNJA2IF,0
XCWVXV6O,0
XD4F6PNG,0
XD6PE7MM,1
XDRGLMWB,1
XDVYT4U3,0
XE4L4QRB,1
XE7FS700,1
XF257JQ0,0
XFBBABG8,0
XFMGI6KD,0
XFQUHOQ5,0
XFVUU1NE,0
XG5OYILD,1
XGGBAJZP,0
XGJY45BA,0
XIEOXYAW,0
XIYFA1DU,1
XK7SYNKY,0
XKARNCJ3,0
XKEFQLRM,0
XKFRL7EC,-1
XKNYN4TR,1
XKUSQUYS,1
XL1J13NG,-1
XLC6KKNF,0
XM22MDB2,1
XMF08SYK,1
XMLWV9S7,1
XMO6PA6Q,1
XMZOJUNN,0
XOOAAM2K,0
XOPUBB8L,1
XOZ2LFHX,0
XOZBU45J,1
XP1DU5HT,0
XP6GRO2O,1
XPZMDGCU,0
XQ0W6L32,1
XQHOGJ72,0
XQLT0VA5,1
XQMLB0NM,1
XQP90G3I,1
XR9P6V6M,1
XRG4KZKU,1
XRQXMFK8,1
XSECJS9A,0
XSHUVYAR,0
XSOR3ETH,0
XSQJWI28,0
XSV7H6M4,1
XT1YA3U5,1
XT7DOPQ5,0
XT9FNBAJ,0
XTA5C26K,1
XTBRW2MX,0
XTGUIOXI,1
XTV7KY7Z,1
XTVRNN1G,0
XTY3VOI4,1
XUANL6KM,1
XUSVM28S,0
XVOBFIVF,0
XVUTI2Q7,1
XWEQ3KYU,0
XWHW81AC,0
XWLJDV98,0
XWM9ZM7L,0
XX375FDC,1
XX6PQIUK,0
XXE28G6Z,0
XXHJT1B0,0
XXKI5REK,0
XXOLXZV0,1
XY5BGL0B,1
XYE70NU9,0
XYP81FEM,1
XYTVWG2H,1
XYUJX9QJ,1
XYWBBP1Y,1
XZQ6K2II,0
XZUL0652,1
XZXHLDQL,1
Y06EILXF,1
Y1GP7A1E,0
Y1NOLGV9,0
Y1OC7SKA,1
Y225AKH7,0
Y26MBCMX,1
Y2BBUE6G,1
Y2IZM1V0,1
Y2PK9RLT,0
Y2S7N7BH,0
Y393S2WH,1
Y3PERXW0,0
Y3T2A3QZ,1
Y44JRH8G,0
Y48FKSIT,0
Y48RD60W,1
Y4G0U5TJ,0
Y4IIPW2V,1
Y4J79V4U,0
Y4XP6IPS,1
Y53UOK46,1
Y59BAPO3,0
Y5XIMP45,0
Y5ZVJN1C,0
Y6E37E0E,1
Y6JEWN65,1
Y6K6UF3J,1
Y6XT09ML,0
Y79HH0JW,1
Y7BL0LCR,1
Y7DKFPKT,0
Y7EU90O3,0
Y81G3TXV,1
Y88891ZS,1
Y8BGVXXI,0
Y93EFQOF,1
Y93ZAY9X,1
Y9D9M4OL,0
Y9NPIKIA,0
YA0VGDUA,0
YA3RXOGB,0
YA7QBR9R,1
YASV0BYI,0
YBKJ9XMU,1
YBO5OFHH,0
YC7AZVQW,1
YCADYL8O,1
YDAC0SAY,-1
YDDNADJJ,0
YDMGMFXY,0
YDVUR46K,1
YE4Y4D30,0
YE6SWJJZ,1
YE9MXBEG,0
YECL4PLJ,0
YFL60F97,0
YFLB3BQG,0
YFZB4TL7,0
YG0LEK67,0
YG3ZSTTP,0
YGAW48WA,1
YGHVQD1P,1
YGI0KAMX,0
YGZK3D2N,0
YH05BPI5,0
YH3VFFJP,1
YH7SIVLS,0
YHAMB9SI,0
YHGZT1OL,1
YHUC7G1T,0
YI1ZA41K,1
YIDYL1H9,0
YILWEBWO,1
YIR436PX,1
YIWN4VQI,1
YJ87B1J1,1
YJKHN8Q2,0
YK2PBW5D,0
YK4C34D7,0
YKDRZBTO,0
YKLFFXYT,0
YKNSIW6C,1
YKYG6LX1,1
YLKKLRFD,0
YLL15EPT,0
YLP5F0IR,0
YLR88D4Z,1
YLZ7O7MY,0
YMD5GJWO,0
YMQAP4FE,0
YMTIQ8QC,0
YNOUCWOG,1
YNVNZSZH,0
YO6BH3UZ,1
YOWN2L82,0
YPA45IM3,1
YQ9HAN6P,1
YR8AJC3L,1
YR9TOD2D,0
YRL31L2P,0
YRMF6HPL,1
YRN8M934,1
YRNLJH0U,0
YRQ6SF5F,1
YRQ7LVUK,1
YRU8JIK1,0
YRV14SQN,0
YS43WGZ0,1
YSFSKF2U,1
YSGWVL81,1
YSO2VAZQ,0
YSOE16CH,1
YSQGFPE1,0
YT0KL7XE,-1
YT9SFO8O,1
YTCGXTUG,0
YTCP4V4B,1
YTDH36UJ,1
YTHLFKNG,0
YTJKT2Q0,0
YTSVO8AK,1
YTXNFFVU,0
YU67TTDK,1
YUQQVIET,1
YV6FF9HQ,1
YVYM7KLR,0
YWC090MO,1
YWDZERQY,1
YWRMCMYB,1
YX3LXL6T,0
YX71HQGR,1
YXECX1UW,0
YXJVEOXG,0
YY3W8JCU,0
YYMJCAEQ,1
YYRMLXC4,0
YYSWZLLO,1
YYT02VGX,1
YZP06UG5,0
Z0I088QT,-1
Z0J31OD1,1
Z0KUPCD1,1
Z0NCMZHK,1
Z1PUVCN8,1
Z1SRTXN4,0
Z23HPZZU,0
Z330SS6S,0
Z39W5QTA,1
Z3CWNQRJ,1
Z3GRW3ZJ,1
Z3SFO2GM,0
Z3T70DN6,1
Z3X99L9F,1
Z48QWTD0,0
Z4EBYAM0,1
Z4KGK9ER,0
Z4XI19OX,0
Z5341KDB,1
Z53GV775,1
Z5DOCDW4,1
Z5GLEI43,0
Z5MF1G1V,0
Z5N7LW1S,1
Z5OY2346,1
Z5XHMTYR,0
Z60Q88RG,0
Z6U39NM6,0
Z6XY6X0D,0
Z821ZV03,1
Z8E8OMWV,1
Z8F7ASLB,1
Z8HH7VLY,1
Z8RNTPS0,1
Z8YR460S,0
Z90URY9W,1
Z9H8TSWG,1
Z9WOBQM7,1
ZA7FM40E,1
ZAH64ZOG,1
ZAJPUMHW,1
ZB51HOG6,0
ZBIWNR3B,1
ZBZZOM6U,0
ZCF438K3,0
ZCTVO51D,1
ZCW4M6TI,0
ZD87XV04,-1
ZDMY2OPD,1
ZE4GIZZI,-1
ZE8PGATV,0
ZEJM56CQ,1
ZF70QEAI,1
ZFEO58UU,0
ZFN9CZSG,0
ZFUPIFY0,1
ZGGOBM0W,0
ZGHNJ350,1
ZGS8ZQC5,0
ZGVL3KJD,1
ZGZEJGWU,1
ZHFGS2XV,1
ZHOIBOJ0,1
ZHOUAN19,1
ZHRGV03L,0
ZI0EAOII,-1
ZI6REMXL,1
ZIDKV32C,1
ZIKSRB23,1
ZIKVHAXO,1
ZJ06MP18,0
ZJAP18G4,1
ZJE3CFGZ,1
ZK9MCD56,1
ZKDNG5TG,1
ZKHDPHIV,-1
ZKJD2ERJ,1
ZKUDO71N,1
ZLE9KFM5,1
ZLLUOFW2,1
ZLOJYV4X,1
ZLZ1TQ7G,0
ZM1Z2ZL3,0
ZMOPS88C,0
ZMPWBDZN,1
ZMTT15KL,1
ZMXNGTDH,1
ZN7XEYBZ,1
ZNBS3F9F,0
ZNNGAJNV,0
ZNVI9Q77,1
ZNY8NL34,0
ZO6MICR8,1
ZOCPHSYY,1
ZOIV3TR3,0
ZON9LDDJ,0
ZOT77I93,1
ZOYSEQRB,0
ZP8I9XNP,0
ZPDDNNI0,0
ZPPSSD7K,0
ZPT1QL8N,1
ZPYN6PD6,-1
ZQAI481R,0
ZR2QR3EU,1
ZR49YWLW,1
ZRBPL0VA,0
ZRE2G3AZ,1
ZRYA3DG3,0
ZSCMJ86A,1
ZSGWQQK6,1
ZTGSR1Z9,0
ZTHTRXGK,0
ZTOROJMZ,1
ZU42GNZV,0
ZUOGYCSR,1
ZUUPJ0XK,0
ZVAGEMVN,1
ZVGK4NHI,0
ZVY4MGTY,0
ZW3B0QSF,1
ZWGKHI9X,0
ZWGWHZ2P,1
ZWMF7T28,0
ZWZ5UHH5,1
ZX1VY73N,1
ZXCHOUKL,1
ZXM0YHW2,0
ZXNEA9IR,1
ZXVVNC5O,1
ZYIANVI8,0
ZYITEHAH,0
ZZ3BMBTG,1
ZZIYCVNH,1
